path,features,coupling_frobenius,coupling_max_abs,retained_J0,purity_J0,effective_rank_J0,mass_gap_J0,Q_J0,current_J0,roc_auc_J0,average_precision_J0,retained_J_partial,purity_J_partial,effective_rank_J_partial,mass_gap_J_partial,Q_J_partial,current_J_partial,roc_auc_J_partial,average_precision_J_partial
0,V1|V24|V6|V8,0.13795448739062793,0.086988285136262,1,0.9270980279774992,1.0786345886006676,3.7813243672257246,0.0,0.0,0.7452166572875634,0.03229631563472175,1,0.9273308497461159,1.0783637795224643,3.781744448637004,0.12370504812925862,0.01770470875385946,0.7448550713194675,0.03209323640612977
1,V1|V24|V4|V6,0.1412324826897476,0.08732994204504,1,0.9008235462196807,1.1100953168869916,3.779609199782275,0.0,0.0,0.8658237915312439,0.09607262394612875,1,0.9011478464340947,1.1096958217867026,3.7802161658436813,0.1097772236066665,0.0267202770807988,0.8657313762590011,0.09640048500108594
2,V24|V25|V4|V6,0.0472493484882514,0.02486112889045593,1,0.8809256641542657,1.1351695616224915,3.7800076556079465,0.0,0.0,0.8461849181146854,0.0721308527505464,1,0.8809889053839977,1.1350880741955869,3.7808632783084537,0.004561679824160956,0.012008153388830609,0.8461883276101663,0.07195018361712276
3,V25|V26|V4|V6,0.04719008569267667,0.024565689931341103,1,0.8707920682769954,1.1483797756434135,3.5443662784258554,1.2012849389305935e-15,0.0,0.8546824575356311,0.053410011569880664,1,0.8708519947484633,1.1483007514828507,3.544854001530521,0.002036475097474206,0.007893031082608288,0.8546745618618861,0.053392194539830955
4,V25|V26|V4|V5,0.09611145009625462,0.06440002291780328,1,0.875614479741631,1.1420551203025693,3.5445423189327423,5.605996381676105e-16,0.0,0.859286353117499,0.05808893639454447,1,0.8758498404599591,1.1417482241874275,3.544877204562273,0.003380258877092133,0.008016599758290556,0.859095062476313,0.05776646386213539
5,V17|V25|V26|V5,0.11730278730885892,0.0801649984267565,1,0.8670319277875731,1.1533600643193438,3.5463267079281944,1.1211992763352207e-15,0.0,0.9312256310796687,0.06748616884664067,1,0.8675311590569502,1.1526963493588518,3.5466364404017385,0.007941363098495587,0.030289346504687172,0.9310962496985289,0.06732197095841723
6,Amount|V17|V26|V5,0.30356250697007015,0.19938289729377073,15,0.8889980983658101,1.1248617987352705,3.543921934455366,0.0,0.0,0.8830002914221402,0.02372738314755234,15,0.8900337784867592,1.1235528630162845,3.5441857746982284,0.007407184379126029,0.030837352936521196,0.8922892824124584,0.024097748712010685
7,Amount|V17|V2|V5,0.8594761975443423,0.43360216148847974,15,0.9375491471960934,1.0666107510104157,3.7138331905378754,0.0,0.0,0.8803077769515235,0.041519741283898626,15,0.9427344113551259,1.0607441374316209,3.715699010111128,0.13061658957585037,0.2172140368979993,0.8972197717719614,0.04137334373981515
8,Amount|V17|V19|V2,0.572231417334119,0.3788908162483577,1,0.8894026623115137,1.1243501311330115,3.508959804143126,0.0,0.0,0.9512626976789591,0.05222516713595377,1,0.8925158328437242,1.1204283030070301,3.5185687422645895,0.08147127444912909,0.17782927328704617,0.951034799823137,0.054490193262236676
9,Amount|V14|V19|V2,0.5681751022734891,0.3788457248551325,1,0.8998393613490864,1.111309465837044,3.5098050831504137,4.805139755722376e-16,0.0,0.9670136695646181,0.1105001232092705,1,0.902663321590732,1.1078327612090573,3.519067014427939,0.08358195911034853,0.18868433974729418,0.967181811525961,0.11979299202788177
10,V14|V19|V2|V22,0.10928168493867361,0.046642172366134625,1,0.865546068101444,1.155340006561959,3.5090625117253604,2.402569877861188e-16,0.0,0.9649432085721177,0.19670950597107165,1,0.8658593099243241,1.1549220393407789,3.511148474383095,0.06159688605195414,0.027313382051368233,0.9649290322488027,0.1968275081246407
11,V14|V19|V21|V22,0.07538505802728226,0.03129506938035917,1,0.8639710929662577,1.157446132331484,3.5063347330311143,9.61027951144475e-16,0.0,0.964623972126836,0.16558716695277628,1,0.8641625710240891,1.1571896695490231,3.507288126681646,0.011749478629454097,0.007934874125945185,0.9646228954440527,0.16561794386290218
12,Time|V14|V21|V22,0.21350928870139516,0.11220224299033202,2,0.6636563756368475,1.5068038772932688,1.6185408449899856,0.0,0.0,0.9629188654921732,0.1741638982272207,2,0.6678747971045388,1.4972866236835636,1.6391741590208457,0.02588404177219044,0.041270807108512435,0.9628479838755986,0.17471235700936533
13,Time|V21|V22|V28,0.21738997800376156,0.11183325082664328,2,0.6857480058749763,1.4582616229762937,1.6170323628084986,0.0,0.0,0.7038239465735647,0.010353518371632831,2,0.6934305518959615,1.4421054816027699,1.6577869531106686,0.07445329204678368,0.01693364809366818,0.7036992308178196,0.010336201432115357
14,Time|V12|V21|V28,0.1706421147929653,0.08941896857792629,2,0.6758056032021441,1.4797154614607186,1.6211327986988744,0.0,0.0,0.9359156612842097,0.35359248864049153,2,0.6794645987605431,1.4717470223234101,1.6413335367538886,0.06273626196091432,0.017524579834764593,0.9359041766678534,0.3661395266511044
15,Time|V12|V16|V28,0.15722730545711353,0.08256763144372402,15,0.6228806056764749,1.605444110615641,1.6210515989257066,0.0,0.0,0.9006675792151413,0.14664866575555718,15,0.625546941010413,1.5986010552377616,1.6329073317140692,0.03186569338648723,0.030825357657235604,0.9016134450403686,0.15294801353252535
16,V12|V16|V20|V28,0.17828495771214903,0.08187211388543474,1,0.8559032239034292,1.168356388984497,3.064767167450938,0.0,0.0,0.9449653595259151,0.42322072039107317,1,0.8570995426201882,1.1667256255241478,3.0738482627103205,0.10362556963123268,0.04890657268909085,0.9449669745500902,0.4133340188037259
17,V12|V15|V16|V20,0.1324859668602742,0.08137872562266829,1,0.8103598032834999,1.2340197477072485,3.0678630865458514,0.0,0.0,0.9498902860243704,0.4177608167927786,1,0.8112869670908189,1.2326094718196745,3.0750810305562646,0.03316099648927201,0.03531903161936943,0.949913255257083,0.4148858839195844
18,V15|V16|V20|V23,0.25920545228490605,0.1733480508190888,1,0.8584673559194667,1.164866658125799,3.0839608301019967,7.207709633583563e-16,0.0,0.9316742489060903,0.12683613686988932,1,0.8588867186099914,1.1642978967219146,3.085545814896814,0.14906167934457765,0.03842192462762943,0.9316688654921732,0.12867760551398738
19,V15|V20|V23|V3,0.25872896002354384,0.1729688096998033,1,0.9010675824880451,1.1097946696060033,3.5275173098333137,0.0,0.0,0.8743593737438701,0.10091250944750066,1,0.9015460924598091,1.1092056283795384,3.5323158521449596,0.15430027168763416,0.05077604061869227,0.8743891619675445,0.10321259558341084
20,V15|V23|V3|V7,0.1118428977708925,0.05223963541075549,15,0.8999859662716212,1.111128436971865,3.5310800036996,0.0,0.0,0.8317078414089328,0.05090580387673085,15,0.9002581530515208,1.1107924950308905,3.53438713088385,0.0626257127512929,0.025532613979465588,0.8528982147163875,0.05139781840190244
21,V11|V23|V3|V7,0.09846620672509006,0.04419714219777736,1,0.868124445010974,1.151908583783007,3.0217743656142857,6.406853007629834e-16,0.0,0.9003262707727999,0.32158080749335993,1,0.8685414417070442,1.1513555392758061,3.0261024506121896,0.05232571212407541,0.018301243636565604,0.9003330897637614,0.321161010269222
22,V11|V27|V3|V7,0.15506251972253757,0.0907126358160496,1,0.8671591632049491,1.1531908355832647,3.022484292919052,1.6017132519074586e-16,0.0,0.8998785501820312,0.33731363533982806,1,0.8676662352952889,1.152516900302885,3.0262574918316347,0.10898187606099155,0.031166590871093015,0.8998799857590758,0.3379144917567192
23,V11|V13|V27|V7,0.13694949562730951,0.09174019606071013,1,0.8266818446994919,1.2096552094518431,3.016831630119702,0.0,0.0,0.9103457013080978,0.2806149349542727,1,0.8268642367996729,1.2093883802139496,3.017315750005846,0.08770369903535538,0.0266595656565823,0.9103376261872222,0.2812754198697048
24,V10|V11|V13|V27,0.061470068479987906,0.03249169239429975,1,0.8102968233399863,1.2341156613178743,3.018950512557011,0.0,0.0,0.9209603579754918,0.08972495358419244,1,0.8104621859867944,1.2338638585370025,3.0201499083506205,0.0029641264123265445,0.010173242236891995,0.9209458227579157,0.08980228391560673
25,V10|V13|V27|V9,0.13049476474015484,0.07250990583201167,1,0.8401249825349938,1.1902990873841166,3.0907587575435915,0.0,0.0,0.9082223034120795,0.019712145507874312,1,0.8408468524620055,1.1892772115064627,3.0932693446913673,0.013014885878499931,0.03057684945885604,0.9081578818922056,0.01965481867693846
26,V10|V13|V18|V9,0.12530988704518142,0.07193866240457819,1,0.7898603207091219,1.2660466335392295,3.0909073351344207,3.203426503814917e-16,0.0,0.9235680836769147,0.053090226277242976,1,0.7909944725085782,1.2642313375826468,3.0930677906865043,0.00036341307162122743,0.01765172652829712,0.9234067607065337,0.053394479240305805
27,V10|V18|V8|V9,0.11693026028306767,0.07169539889071806,1,0.8534917537227878,1.1716574830842452,3.372687168430178,0.0,0.0,0.9236587044778519,0.05841378866707106,1,0.854297360055623,1.1705526046983106,3.3756115804529707,0.002103860243525179,0.02344964224394059,0.9236197644505185,0.05874798790356094
28,V1|V18|V8|V9,0.0585034137422619,0.03236311317102325,1,0.8642883171834302,1.1570213088831645,3.372507546796635,3.203426503814917e-16,0.0,0.8885889928565687,0.10537035455991879,1,0.864428736645771,1.1568333601220662,3.372739875358203,0.018700278353149965,0.016260275223545395,0.8885773287930816,0.10549022149284415
29,V1|V18|V24|V8,0.036379438214421876,0.016025046749651377,15,0.8767752846145539,1.1405430987252543,3.379724743331897,1.6017132519074586e-16,0.0,0.7315492460349362,0.05183139711975064,15,0.8768021789446291,1.1405081146167533,3.3798871458156103,0.012548953737055538,0.006056451877470286,0.7345063552995763,0.054932466962777746
30,V14|V24|V26|V9,0.05040825007149474,0.03248809506197635,1,0.8229707531377513,1.2151100099089633,3.497403172071639,1.2012849389305935e-15,0.0,0.9332867608213797,0.09757842892919731,1,0.8231267276001383,1.2148797584492772,3.4990214537563946,1.5216275893120852e-15,0.009518093488644148,0.9332566137034443,0.09742693629323707
31,V14|V24|V26|V7,0.10553765166027548,0.07199151129543593,15,0.8674022893727922,1.1528676050913902,3.542233393168729,6.406853007629833e-16,0.0,0.9188414462577377,0.13371933368369082,15,0.8676870627574271,1.1524892359488397,3.542669103865369,0.04815146273467412,0.027299250866647383,0.9262486649133486,0.1347670336513972
32,V14|V24|V7|V8,0.14655925790049382,0.07247593510047791,1,0.9098272154597762,1.0991097903074436,3.779445801743035,1.3614562641213394e-15,0.0,0.9532445117889587,0.21757175194897235,1,0.9101702731950885,1.098695518245801,3.7797160563815417,0.08038808068517068,0.038418366526189116,0.9532016239247527,0.21664954441066148
33,Time|V14|V7|V8,0.1964710986230503,0.07199663434319759,2,0.6892101790173097,1.450936202691929,1.620208700275833,6.406853007629834e-16,0.0,0.9606730846531071,0.23832955811106038,2,0.6913538152334733,1.446437378323132,1.6308164430995462,0.08621586257152614,0.023217765668663338,0.9607515030491657,0.2378653843434822
34,Time|V23|V7|V8,0.14560018510068715,0.0711450730645227,2,0.7108737601637756,1.406719527486306,1.6187255322310063,0.0,0.0,0.8817970984116776,0.07758476771875673,2,0.7127312223145712,1.403053449451159,1.628964418033857,0.062203965405130394,0.012841899423820299,0.8818315522607466,0.07753601673721573
35,Time|V2|V23|V8,0.18932757082329574,0.10997200900936745,2,0.7124491919213845,1.4036088626939527,1.618798772328839,0.0,0.0,0.8659881651028448,0.022156006031472372,2,0.7129071134966958,1.402707282713395,1.6209265926495426,0.13252218569293417,0.03457053948981853,0.8656791571440056,0.022522248689335018
36,Time|V15|V2|V23,0.3154505892826781,0.18462647616641908,15,0.6798765884946509,1.470855177134648,1.6098040009413648,0.0,0.0,0.7270813713780391,0.011236827098121446,15,0.6888800986219372,1.4516314261370582,1.6547445761072477,0.1318579074024807,0.04716797902977535,0.7572559447245415,0.011750077076568622
37,V15|V2|V23|V5,0.2617609430756538,0.14812791301824127,1,0.9338805878281435,1.0708007137460962,3.534380445950389,4.805139755722376e-16,0.0,0.731828824664362,0.005917437127779143,1,0.934365245510165,1.070245286631994,3.536962118454885,0.13836844227261139,0.09329418385700008,0.729020656518094,0.005681613248003359
38,V12|V15|V2|V5,0.22817733636548185,0.14998238523743662,1,0.8815084212027527,1.1344191115447022,3.4486759846949586,1.2012849389305937e-15,0.0,0.9375398372629862,0.3296323192671334,1,0.8819534912487084,1.1338466369515203,3.452763012627566,0.06677784678590161,0.058310382519630874,0.9375531163506483,0.3313951295958039
39,V12|V15|V3|V5,0.23196166668472162,0.1167717417881354,1,0.8506155591994515,1.1756192197344006,3.4447063916088734,0.0,0.0,0.9356429016457455,0.3654205976610065,1,0.8532862102554701,1.1719397172732986,3.4641055760978636,0.08253934177995759,0.07081282773424634,0.9354295390074994,0.3394296172540895
40,V12|V22|V3|V5,0.22767864960466586,0.11620135301425179,1,0.8580915856593901,1.1653767694640218,3.449011517665047,1.6817989145028307e-15,0.0,0.9314714736485479,0.36734231468192785,1,0.8609560323113933,1.1614994987784892,3.4717067370981862,0.08180221985947767,0.06740229906616596,0.9315524043044342,0.3600437450111449
41,V12|V20|V22|V3,0.11243459052341818,0.07668119048613917,1,0.8585147892895,1.1648022986623119,3.4479501192374484,1.1211992763352207e-15,0.0,0.9337809582189657,0.2969857380432789,1,0.8590338698889091,1.1640984541498007,3.4542008847194934,0.046376502669722666,0.018069783778386184,0.9337919044939305,0.2900334765567325
42,V17|V20|V22|V3,0.15409997144578047,0.10691129595678693,1,0.8710074437519967,1.1480958138455721,3.697115128957156,4.805139755722376e-16,0.0,0.9435387548378947,0.1628045576465824,1,0.8719750241460005,1.1468218381362303,3.708367957869751,0.053685952358090386,0.033671943306867416,0.9435034037531727,0.1587093851610891
43,V16|V17|V20|V22,0.21288960581688643,0.14549557876175487,1,0.8299710425063309,1.2048613129684849,3.0557191987000314,0.0,0.0,0.9453965709806714,0.21801830600095484,1,0.8324283775723329,1.2013045529711126,3.076586835765371,0.05193279432341456,0.03699328120877178,0.9453012845543394,0.21116894911590142
44,V10|V16|V17|V20,0.3522662416264063,0.1675568293862825,1,0.8480720010966445,1.1791451653950336,3.0534294762081724,8.008566259537293e-16,0.0,0.9515157181330607,0.1337682765579757,1,0.8576961262800533,1.1659140916692001,3.1154007132909407,0.09074445935987686,0.07802844135174436,0.9514826998610362,0.13087398621973295
45,V1|V10|V16|V17,0.40128385714100856,0.17381509105795945,1,0.8422331034049602,1.1873197526400037,3.05378146963447,0.0,0.0,0.9504510583073973,0.14050036059790366,1,0.8547733146103125,1.169900818038401,3.1372610514092325,0.1502154567224879,0.045052305178140836,0.9501860148955474,0.1359440163080571
46,V1|V10|V16|V28,0.10354313869053877,0.052342598924105435,1,0.880584380376926,1.1356095137321869,3.0824428049530197,3.203426503814917e-16,0.0,0.9402128817199361,0.10026130419756221,1,0.881300170197868,1.1346871744907092,3.0901981201674777,0.021407246559946434,0.02229441298644824,0.9402098311187166,0.09984711905245273
47,V1|V10|V27|V28,0.15675261609012298,0.09997002624928149,1,0.9570315629336448,1.0448976175191564,4.340977729918483,0.0,0.0,0.927463521987298,0.038218799213431916,1,0.9572005372079307,1.0447131621101169,4.342873390165149,0.09845319327378352,0.024354836280637025,0.9274943868937557,0.03827028633138653
48,V1|V25|V27|V28,0.14778004389073507,0.10010130477953329,1,0.9491578421515434,1.053565545782362,4.06243038836097,6.406853007629834e-16,0.0,0.7880858589918804,0.021784004559363145,1,0.9492607191408321,1.0534513646631156,4.063460834791443,0.10025054459940669,0.02603967795281809,0.7877910273563562,0.02187228609473734
49,V18|V25|V27|V28,0.14722192225032205,0.09978806738285582,1,0.8987854864815548,1.1126125366294757,3.378141162479371,0.0,0.0,0.8334079235239397,0.13188868277982052,1,0.8989184703343193,1.1124479393866356,3.3786893507821607,0.09240172814008779,0.02966556781728422,0.8332948718316814,0.1320401397230749
50,V11|V18|V25|V27,0.061612381472303246,0.03490289422183066,1,0.8205996644411427,1.218621019886762,3.0156047666469643,1.6017132519074586e-16,0.0,0.9100196458718547,0.3503908834204777,1,0.8209629707280396,1.2180817352982294,3.019160620454179,0.0002232075162099176,0.011195758251297563,0.910017851400549,0.3498739014482574
51,V11|V18|V25|V6,0.06641895776027328,0.034826620504880126,15,0.8157939289189701,1.225799757207223,3.013053818192194,5.605996381676105e-16,0.0,0.8840968928370447,0.125058089386419,15,0.8160966125161984,1.2253451180452626,3.0160472827935245,0.0034616058177489514,0.014038053216692173,0.8860955749773178,0.12616379656388105
52,V11|V18|V19|V6,0.06551047244939967,0.03470176391991238,15,0.7969475327450017,1.2547877481414687,3.014046404483836,0.0,0.0,0.9049796937627048,0.29628925433802905,15,0.7971520285197806,1.254465853717872,3.0151828156152463,0.005407703622926876,0.014781468403451082,0.9134752592652142,0.2970980396355958
53,V11|V13|V19|V6,0.043642070864839524,0.020419866099470836,1,0.7801053079118023,1.281878215489669,3.013773267724973,0.0,0.0,0.9297263503037682,0.20983763831433902,1,0.780197401258806,1.2817269044815511,3.0142838255814577,7.238796026744982e-05,0.008747120390493206,0.9297198902070676,0.20942345865628373
54,V13|V19|V21|V6,0.07259089503974613,0.03661518118028978,1,0.8506087448794283,1.175628637749013,3.088907138099848,0.0,0.0,0.7939801588896673,0.015849515884566436,1,0.8506847118113365,1.175523653023846,3.0891751174498157,0.026611400012346367,0.01261615611651401,0.7939358354484168,0.01572838116720681
55,V13|V19|V21|V4,0.08846674158502783,0.051832554921552386,1,0.8283592612992754,1.2072056735763506,3.091088795265683,1.6017132519074586e-16,0.0,0.8888698276159086,0.0942779651638082,1,0.828585530888098,1.2068760106493481,3.091285227499157,0.010375242708835886,0.02026948628003048,0.8886909188267316,0.0938487541052707
56,Amount|V13|V21|V4,0.1629827041328186,0.09469850788313466,1,0.8693994829492782,1.1502192255827937,3.0899225798481607,0.0,0.0,0.8585628222870465,0.02894882811247044,1,0.8696491331178273,1.1498890321604123,3.0911965940462194,0.009472428539959952,0.019821411491305084,0.8586035567856856,0.02921143628610243
57,Amount|V21|V4|V9,0.1622581787082032,0.09492004429521303,1,0.8947880426302337,1.1175831061180648,3.505935879605902,0.0,0.0,0.8993258530198799,0.03707195381814643,1,0.8949471849521666,1.1173843739767149,3.5059051335045783,0.009522218728300134,0.01581631822205548,0.8993371581891056,0.037283758814114
58,Amount|V26|V4|V9,0.04102429917460127,0.025133386856208535,1,0.8511348077955196,1.1749020141592474,3.506375709126766,3.203426503814917e-16,0.0,0.8698945496881926,0.030232863762186483,1,0.8511664778898048,1.174858298554215,3.506378474550508,0.0,0.005322552554693026,0.8698724776911327,0.030212416690943312
59,Amount|V24|V26|V9,0.02272135384180677,0.009828425537378326,1,0.8447313193871286,1.1838083625519202,3.489777561593888,1.0411136137398478e-15,0.0,0.7774362101340254,0.00917511827115873,1,0.8447597993996377,1.1837684519441976,3.490089514840313,2.0822272274796947e-15,0.004946250632465969,0.7774310061672389,0.009174510920385525
60,V11|V2|V21|V7,0.37298497783589546,0.2491317781226141,1,0.8973252056962009,1.1144231697182045,3.0202071608410264,0.0,0.0,0.904226733602839,0.24489608859670695,1,0.8983877796442769,1.1131050785173828,3.025352601753792,0.2848745964684749,0.05284664067264889,0.9044068985219299,0.2665363889089478
61,V11|V2|V21|V27,0.12546029795921085,0.051404713665099265,1,0.8979832085476787,1.1136065691220602,3.0207060751123285,1.4415419267167122e-15,0.0,0.9065346031490819,0.15794594559361677,1,0.8982682839595556,1.1132531537148482,3.0237225801969725,0.09011043200704726,0.02638136655482651,0.9065389098802155,0.15798381577542833
62,V11|V2|V27|V28,0.17664431105462758,0.09821577194615916,2,0.9020941526590569,1.108531739234038,3.021500667429578,1.6017132519074586e-16,0.0,0.8984731202554178,0.02173689900278685,2,0.9024580744090944,1.1080847170155506,3.0247509577031293,0.1361071071032391,0.04142261266195298,0.8988817213717225,0.02184814134902478
63,V11|V24|V27|V28,0.14669668439473668,0.10029350776669915,1,0.8655149596337577,1.155381531964681,3.0185172101899487,0.0,0.0,0.9080310127708934,0.15958338326419044,1,0.8656735870029244,1.1551698180628698,3.0192420958201565,0.08642988413616282,0.029276413591702428,0.9080058901726137,0.1600773218951138
64,V20|V24|V27|V28,0.18733600702217243,0.09465626473072786,1,0.9455116477786234,1.0576284304369925,3.7797381815786157,3.203426503814917e-16,0.0,0.6965236784077729,0.004337365015493054,1,0.9457330012649403,1.0573808872720698,3.780111257559762,0.13825256691155582,0.03310366445619051,0.6949034502658689,0.004282522247450644
65,V18|V20|V24|V28,0.130445806584893,0.07719435547248027,1,0.8895528458809221,1.1241603066422685,3.381396723609911,0.0,0.0,0.8373412251788729,0.10817099170405295,1,0.8896938389643397,1.1239821567878492,3.3827932567784313,0.08343602346516281,0.0171559608173444,0.8372741119520403,0.10822961609563092
66,V12|V18|V20|V24,0.11234484121023967,0.068380632176019,1,0.8382351529107204,1.1929826571070912,3.3358558948029464,5.605996381676106e-16,0.0,0.9448772509848058,0.45047537945850946,1,0.8390122373367863,1.191877728952113,3.342546780498544,0.026681510796667796,0.023514453943858003,0.944865048579927,0.4473178041573757
67,V12|V18|V20|V5,0.22243759021579948,0.10739059860479942,1,0.8718460135111193,1.1469915380730777,3.332691910244466,0.0,0.0,0.9417042668220919,0.417448663484379,1,0.8746713538110482,1.1432865563081263,3.354789660436253,0.07128082725585333,0.009524190198441987,0.9416466642931793,0.4156264704994738
68,V10|V12|V18|V5,0.22496092842390378,0.09564252777817671,1,0.8533122048786267,1.171904016235462,3.3322066440805047,0.0,0.0,0.9443030201669864,0.24988757384002952,1,0.8590452827131495,1.1640829885494148,3.3690914725658354,0.04908466201126521,0.02525813625187258,0.9442339330217173,0.24029059630406457
69,V1|V10|V12|V5,0.2985638294270256,0.13975935402458456,1,0.9015587907159658,1.1091900054636015,3.4478592602814673,7.207709633583563e-16,0.0,0.9454685292800293,0.13925445699308317,1,0.9058204934947238,1.1039714901369968,3.497018388999616,0.117994981047234,0.06608482868865112,0.9454039283130247,0.1335746187411076
70,V1|V10|V26|V5,0.21232923587973918,0.13430913947891027,1,0.9059427335726482,1.1038225297712037,3.546297785552928,1.601713251907458e-15,0.0,0.8989168930093141,0.026512784212544712,1,0.9067768959642846,1.1028071011189364,3.5473452302252824,0.06274138535250204,0.06281792173775931,0.8987435470811848,0.02593174361211307
71,V1|V10|V22|V26,0.09042032315004307,0.04210506895235665,1,0.8678145872593241,1.1523198787867064,3.5409084191253943,0.0,0.0,0.8887497774855582,0.021630964200810624,1,0.8680670141733815,1.1519847934231806,3.541400251048479,0.032827730782542176,0.023446450449990806,0.8886151921376317,0.021528675192362776
72,V1|V22|V26|V3,0.16461028920196313,0.10746228326563537,15,0.8567813992719567,1.1671588585486825,3.540521405975261,0.0,0.0,0.7274397272977846,0.05036761456924845,15,0.857475257960572,1.1662144076068275,3.5408509072614702,0.12878793492234608,0.02401078342199134,0.7483568026253833,0.05229236284727326
73,V22|V23|V26|V3,0.07833134638971326,0.04218209041118542,1,0.8637847415657057,1.1576958377238629,3.5411101741097735,0.0,0.0,0.8368671258599106,0.11992625507672602,1,0.8639361111008779,1.157492998788697,3.541204120984117,0.03552857691267908,0.010148461981746962,0.8368737654037417,0.1203805344585592
74,V22|V23|V3|V4,0.1110019693989249,0.04355149876221997,1,0.8798752988424478,1.1365246885730134,3.7164418784114512,4.805139755722376e-16,0.0,0.9163930696082597,0.18554742165700902,1,0.8801804317622806,1.1361306885655467,3.7177647374937433,0.04539233014054409,0.021271129608610724,0.9163781754964225,0.1857044431283463
75,V23|V3|V4|V8,0.11969901895909925,0.044487947727051017,1,0.914607954166536,1.0933646437738234,3.8773950928677383,8.008566259537292e-16,0.0,0.9224747123103603,0.19251280446326788,1,0.9148262584184521,1.0931037350510642,3.8803274252961475,0.06970180469568285,0.018162392576886274,0.9224662782952235,0.19241578202281803
76,V23|V4|V8|V9,0.0971080916068777,0.04700476833032099,1,0.8971627310848468,1.114624989817402,3.5064142121178143,3.203426503814917e-16,0.0,0.9006137450759708,0.06617957535074868,1,0.8973175964074448,1.1144326200708208,3.5081177303062483,0.044651590363029896,0.02651639956238905,0.9005940058916082,0.0664116713511777
77,V13|V4|V8|V9,0.061215123988205805,0.038896622185825486,1,0.8257339154086698,1.211043874230457,3.090887226495898,0.0,0.0,0.8778244978351499,0.06424657506412254,1,0.8260142074114651,1.2106329298303058,3.093306172091362,0.0,0.008221624083448377,0.8778663090165721,0.06455714115024182
78,V13|V6|V8|V9,0.07699380812866023,0.03903801339337018,1,0.8478773311421188,1.1794158933969456,3.0881887867096007,0.0,0.0,0.8313814270784284,0.016053823799556725,1,0.8481986813378496,1.1789690576065466,3.090224318441637,0.026517894232220764,0.013015424144760094,0.8313405131326588,0.01614592731993716
79,V13|V16|V6|V9,0.09099190274117075,0.03949690828495167,15,0.7835378372371047,1.2762625523308229,3.0755011530517002,0.0,0.0,0.8902802820621778,0.07862539373285976,15,0.7843360721052239,1.2749636738189485,3.0799945515759273,0.012333870473162893,0.007151757717419138,0.8939865830969417,0.08127366781804345
80,V13|V14|V16|V6,0.1520804850737561,0.09856223464674842,1,0.8023996272354641,1.2462617953167994,3.072551204139465,0.0,0.0,0.9552805189323901,0.4820641303750146,1,0.804185467491236,1.243494244082318,3.086870885425371,0.04214737046399287,0.023569858710533038,0.9552591647238524,0.4758775121000813
81,V14|V15|V16|V6,0.1529701490855396,0.09819085809327989,1,0.8271494111940484,1.2089714221719987,3.0767308933185245,0.0,0.0,0.9573992512030136,0.5109682253098013,1,0.8287400227490178,1.206651027523559,3.095131034290995,0.04247827205072368,0.031096958184763407,0.957443574644264,0.5099611317197142
82,Amount|V14|V15|V16,0.15821037888119652,0.09667417833630972,1,0.8285530745766343,1.206923286732078,3.078389632387747,0.0,0.0,0.9597986387858464,0.20238726179867703,1,0.8304142121983704,1.204218310947114,3.1020674519714153,0.028970723290159213,0.03129944477080974,0.9598661109069402,0.19962337752613435
83,Amount|V14|V15|V25,0.07280884388124595,0.030044462229189346,1,0.8739399232624812,1.1442434123697285,3.5328509284128806,1.601713251907458e-15,0.0,0.9570742724495538,0.10345676120303357,1,0.8740931439758409,1.144042836729582,3.533236954019851,2.402569877861188e-16,0.01864515181095642,0.9570674534585922,0.10322204368745586
84,Amount|Time|V15|V25,0.40453169009269746,0.20600897937889073,2,0.6564878336708788,1.5232574751740735,1.6045473414476998,0.0,0.0,0.6007893520379453,0.0024582594697031344,2,0.6970934989864592,1.4345277949858268,1.8293759726520684,0.10263967655073192,0.03521331625653555,0.6000340590653819,0.0024229588860235195
85,Amount|Time|V19|V25,0.2972624437490508,0.20272349893776448,2,0.6551731191670265,1.5263141462082255,1.6131915787472029,0.0,0.0,0.7481330320535643,0.0088507301011678,2,0.669609516137236,1.493407688959801,1.6925445210609082,0.06216540506487864,0.03795640249794387,0.7490605942714733,0.008864027107850456
86,Time|V17|V19|V25,0.31705409018074654,0.20350020526690368,2,0.631043909509693,1.5846757807661556,1.6141733815716088,6.406853007629834e-16,0.0,0.9421552174612106,0.082660890843408,2,0.6492855322854918,1.5401544471197282,1.7207154339650554,0.0702410874207971,0.06358950455769134,0.9422822660296533,0.08850561739309726
87,Time|V17|V19|V7,0.2100868268688971,0.10971921613206143,2,0.6483642221582453,1.5423429699301505,1.619672355165198,3.203426503814917e-16,0.0,0.9501494076809114,0.22917809472383804,2,0.6501052883422257,1.5382123756445805,1.6264837762999376,0.07236720573101565,0.029788236188550553,0.9499834190851356,0.22813351311936458
88,V17|V19|V21|V7,0.19094338912621703,0.11601104878773442,1,0.8896788496971618,1.1240010935860625,3.510008476237711,6.406853007629834e-16,0.0,0.9511329574035579,0.19881086404003695,1,0.8902886827261804,1.1232311714194425,3.51107843490393,0.09172605223704766,0.043243559899901106,0.9510407215784457,0.19664821504746996
89,V17|V2|V21|V7,0.44435765610362765,0.25868470871091664,1,0.9391914206176069,1.0647456716996049,3.717332539710972,1.2813706015259665e-15,0.0,0.9468057692970266,0.16062084989712638,1,0.9411670922422775,1.0625105873788643,3.7459265924278995,0.3303914387037811,0.07195630112700718,0.9469389190679085,0.17084594724769583
90,V18|V20|V27|V8,0.14892851044243074,0.06895859843906399,1,0.9188647895741946,1.0882994008981492,3.375983019290175,8.008566259537293e-17,0.0,0.860359985299691,0.09871714894153713,1,0.9190219971843521,1.0881132367492223,3.377270817315889,0.10887846427096724,0.02170971469782506,0.8602887447888553,0.09895041565311215
91,V18|V27|V6|V8,0.1337421965351833,0.06317596418983208,1,0.9133850514190843,1.0948285155820603,3.3755830495737538,0.0,0.0,0.8613604030526111,0.14163893863669366,1,0.9135384410445645,1.0946446860589392,3.376085252058491,0.10126608691819572,0.01835161035617004,0.8612579387410564,0.14214492165596093
92,V18|V6|V7|V8,0.09490724624691968,0.03938501509114667,1,0.9129104259713334,1.0953977209056447,3.3754025762410627,8.008566259537293e-17,0.0,0.8704452729319078,0.18755566819135755,1,0.9131308806381729,1.0951332620589018,3.37831522203886,0.07429774106828321,0.019831329579198063,0.8704246365118924,0.1885705813721099
93,V18|V23|V6|V7,0.11876530349014097,0.05274894270634807,1,0.9178736077038169,1.0894746200423315,3.3763658278509885,1.1211992763352207e-15,0.0,0.8683961661479449,0.19235916390737437,1,0.9182898531004615,1.0889807794604907,3.3807657163033236,0.09564496875519511,0.015208499722254824,0.8683161327277111,0.1917971352048657
94,V11|V23|V6|V7,0.09955125465164501,0.052190952803238794,1,0.8934001027188867,1.1193193250780893,3.018691514293415,0.0,0.0,0.8999935757927258,0.25790945504047774,1,0.8935574031257559,1.119122281905893,3.0195436382958882,0.07807223493285612,0.02452225937496767,0.900020851756572,0.25846993841235866
95,V11|V14|V23|V7,0.15371270039232504,0.07424634553423018,1,0.8721361201637943,1.1466100037367926,3.0239828078851945,2.402569877861188e-16,0.0,0.9402467972276136,0.4430658724708125,1,0.8732620274236942,1.1451316656355817,3.0354588597222563,0.07334840430145569,0.040975984736756954,0.9402658186234539,0.43897962505444915
96,V11|V14|V23|V25,0.1419572489807784,0.0690561362589017,1,0.8481502551791208,1.179036372262613,3.0228482629249793,0.0,0.0,0.9358476508217244,0.34235254677826915,1,0.8492200289596217,1.1775511244419172,3.033688290158501,0.05697950000968603,0.03799305704089992,0.9358625449335616,0.3377285232100374
97,V11|V14|V16|V25,0.20412263887295717,0.1033951442050698,1,0.7798582416346707,1.2822843263204957,2.9863392730467146,0.0,0.0,0.9372620531048661,0.5796805583838642,1,0.7824285943959619,1.2780718996754,3.008755310097356,0.056273322699910616,0.04354927644204363,0.937314092772731,0.5689053531011108
98,V12|V14|V16|V25,0.23070745224552777,0.10636908509629497,1,0.8051167981780053,1.2420558138434312,3.061621260970716,0.0,0.0,0.9543726958988437,0.6444363936237612,1,0.8097162142587605,1.2350005871074612,3.099010669543683,0.08510787292011546,0.048072296956306604,0.9543149139228004,0.629798635418674
99,V12|V16|V19|V25,0.11690549103089364,0.08093228796623787,1,0.7873223523348742,1.2701277907764352,3.079705085771935,4.0042831297686463e-16,0.0,0.9457380588701434,0.6100874459464759,1,0.7881286911470752,1.268828316026103,3.0871839102656566,0.015992264055905127,0.01830045641517504,0.945740750577102,0.6075595320652789
100,V12|V16|V17|V19,0.39159760996637943,0.18096610007780733,1,0.778099573096743,1.2851825583454826,3.0639578896773174,3.203426503814917e-16,0.0,0.9589252696013689,0.6183803032100963,1,0.789777429817129,1.2661795111460041,3.145009606195395,0.14820710136811863,0.08703154489959172,0.9588947635891722,0.5702742189672855
101,V12|V17|V19|V24,0.2431108699471679,0.1623042373348808,1,0.8110457263628393,1.232976104176681,3.3856787404874535,8.008566259537293e-16,0.0,0.957987658344148,0.4662571104836272,1,0.8137269190676026,1.2289135047244544,3.4123018388246087,0.06648969583630719,0.06253477740726662,0.9578929102592079,0.44755504350398334
102,V13|V17|V19|V24,0.08242148666477485,0.04438956163775801,15,0.7899153431676127,1.2659584456100497,3.0910642826602075,0.0,0.0,0.8453275197248286,0.022578980938909445,15,0.7903555777962867,1.2652532962293446,3.0918177140869054,2.402569877861188e-16,0.0230734056382405,0.8568451543532438,0.02274520205401817
103,Amount|V13|V17|V24,0.048577867851344575,0.019670895037769448,1,0.8289070175083114,1.206407931019806,3.089643102988112,0.0,0.0,0.9324130327426412,0.03415125379608815,1,0.8291371663367489,1.2060730607676755,3.0924660901425276,0.0,0.01339863188526579,0.932484632147738,0.03426493426441603
104,Amount|Time|V13|V24,0.07267670020372606,0.03771096883737374,15,0.6293561648339052,1.588925406433275,1.6201228466347655,8.008566259537292e-16,0.0,0.5665949835195755,0.0023899337564564555,15,0.6309966243564125,1.5847945320150547,1.6281557845023982,1.6017132519074586e-16,0.011435325093490201,0.5646573134036957,0.002385557951294961
105,Amount|Time|V13|V15,0.27188086308026005,0.18327467520613472,14,0.6222046842021552,1.6071881575148967,1.610266351748926,0.0,0.0,0.5859054686871935,0.0025897250993053835,14,0.6392142848860556,1.5644206076812832,1.7063172267712654,0.01899867611140204,0.04790913114858294,0.5858110794965146,0.0025987528054480197
106,Amount|Time|V15|V22,0.312473505033511,0.18392630494617215,2,0.6474100643269267,1.544616086621452,1.6080498865328894,0.0,0.0,0.5918512699114535,0.0034087120378439853,2,0.6565319454360568,1.523155128934081,1.6505611321361584,0.038186154562159486,0.0577328528481936,0.5922819430248183,0.0034106326032424064
107,Time|V15|V22|V9,0.3069430859974307,0.18310349764048922,2,0.6158613174851969,1.6237421828722607,1.6079570419631495,6.406853007629834e-16,0.0,0.8130257800925661,0.01356271464070591,2,0.6231257509122553,1.6048125094108232,1.6436093807895231,0.03913854522113949,0.05410482181234333,0.8141184336705982,0.013898218488921307
108,V15|V22|V5|V9,0.04145080712452181,0.01742700618921336,1,0.8453389955666257,1.182957375969277,3.4964215840712707,3.203426503814917e-16,0.0,0.8264687029848519,0.016581326768125616,1,0.8453951253069641,1.182878833890719,3.4967379632201236,0.0,0.005919280401106482,0.8264812642839916,0.016591101057143214
109,V21|V22|V5|V9,0.0668711425919146,0.033122782344256745,1,0.8897054396491038,1.1239675014175432,3.495935453656963,3.203426503814917e-16,0.0,0.8399866347777152,0.02544754034680212,1,0.8898029739620363,1.1238442995389057,3.4960407086487093,0.011719354740704858,0.01276290428355684,0.8400015288895525,0.025455802342512275
110,V10|V21|V5|V9,0.12603975089100294,0.0721596744628584,1,0.9100444954719373,1.0988473695249514,3.5116668509648896,8.008566259537293e-16,0.0,0.9195721549734132,0.033342519408577305,1,0.9108416726977451,1.097885647939432,3.5204677226867136,0.007361612821817222,0.011043876687017234,0.9194865586921319,0.03333216374692324
111,V10|V21|V26|V5,0.08201695884785884,0.03594674826848189,1,0.9104074953093263,1.0984092344936518,3.5443972298941504,9.61027951144475e-16,0.0,0.8984097754183271,0.02272171776668434,1,0.910490744644914,1.0983088031169324,3.5448481405670935,0.006161328967682072,0.014890947149269106,0.8983955990950123,0.022715661350429045
112,V10|V2|V21|V26,0.08235902300551458,0.044645893725809474,1,0.9118861611629767,1.0966281127949644,3.5445830817153268,8.008566259537293e-17,0.0,0.8983444566628003,0.021275360933003234,1,0.9119372212353454,1.0965667117363205,3.5451812921661614,0.035074313419221785,0.010351049604672091,0.8983516345480229,0.021280907470888115
113,V1|V10|V2|V26,0.0785997901473621,0.038687927272548626,1,0.9073589978365108,1.102099612594773,3.5463719721699247,6.406853007629834e-16,0.0,0.8991674012035878,0.025310382930858587,1,0.9074751849561782,1.1019585070508455,3.5471145711390024,0.03325592227191009,0.011230005727787363,0.8991200271611177,0.025207488671119962
114,V1|V2|V26|V28,0.06861129469700382,0.034536657887863274,1,0.9296528465008611,1.075670347016007,3.547286415874155,0.0,0.0,0.7574994544807231,0.01641874680161332,1,0.9297064134920783,1.0756083700056358,3.5480041104079802,0.055094335185979684,0.007445342564140383,0.757448312048511,0.016416814829376063
115,V1|V2|V28|V4,0.07280991673126384,0.034475228351519435,1,0.9470736605458274,1.0558840791999955,3.955202717916132,0.0,0.0,0.8969828118360457,0.09778711225822549,1,0.9471485526472494,1.0558005892581819,3.956135405809424,0.05722461426316171,0.016648515613477827,0.8969844268602207,0.09794495856484804
116,V1|V28|V3|V4,0.18038787200191608,0.11005624585903823,1,0.9140676661845051,1.094010910783217,3.880232474815274,0.0,0.0,0.917399588563619,0.16725105314050975,1,0.9148966258053269,1.093019661231958,3.8945116635323593,0.13685352495229744,0.014848848531793607,0.9175352505943288,0.16767892147110652
117,V20|V28|V3|V4,0.13955343498220482,0.07558953133850813,1,0.9200598372512188,1.0868858301516686,3.8773496205353686,1.6017132519074586e-16,0.0,0.9198066923730662,0.17455932940864877,1,0.9204383584031604,1.0864388591267193,3.882993126894971,0.08625856495666676,0.018805775877192177,0.9198404284336131,0.1753861955298016
118,V20|V27|V3|V4,0.1330756494517539,0.06642376185149207,1,0.9174686812036019,1.089955461681948,3.8803595980443792,1.6017132519074586e-16,0.0,0.9254056222939373,0.1693287387624177,1,0.9179092581097954,1.0894323062600435,3.8867638339154342,0.07958997992185558,0.022035006918579274,0.9254425884028344,0.1696904935972548
119,V20|V27|V3|V8,0.1526922735983123,0.0678996934535874,1,0.9445123050333688,1.058747455878482,3.929417991125761,0.0,0.0,0.8923781984656554,0.12196487009329353,1,0.9446895890326328,1.0585487673511946,3.930823661784657,0.12235636487906205,0.0376033135408854,0.8923236465379624,0.12265835982988592
