family,size,class_label,n_qubits,n_class_samples,coupling_frobenius,coupling_max_abs,purity_J0,dispersion_J0,effective_rank_J0,entropy_bits_J0,mass_gap_J0,rank_J0,lambda_0_J0,lambda_1_J0,third_moment_J0,purity_J,delta_purity,dispersion_J,delta_dispersion,effective_rank_J,delta_effective_rank,entropy_bits_J,delta_entropy_bits,mass_gap_J,delta_mass_gap,rank_J,delta_rank,lambda_0_J,delta_lambda_0,lambda_1_J,delta_lambda_1,third_moment_J,delta_third_moment
linearly_separable,2,-1,2,115,0.5179470071081443,0.3662438410214458,0.6617292729267186,0.33827072707328143,1.5111920250666353,0.94416338626937,1.8796036574958026,4.0,0.801171371133248,0.12229928705173324,0.5164195649632873,0.6999789709006244,0.03824969797390587,0.30002102909937556,-0.03824969797390587,1.428614346390085,-0.08257767867655019,0.8565260715319137,-0.08763731473745628,2.049331087001105,0.1697274295053024,4.0,0.0,0.8276344294970533,0.02646305836380536,0.10661673195793392,-0.015682555093799316,0.568340116508794,0.05192055154550668
linearly_separable,2,1,2,125,0.6902086202780745,0.4880511958320373,0.6213345379579628,0.3786654620420372,1.6094389397481978,1.0193807262653982,1.5857681519986346,4.0,0.7694744089766539,0.15758098932489234,0.4598004546553799,0.7033484190410049,0.08201388108304208,0.29665158095899513,-0.08201388108304208,1.4217704524927643,-0.1876684872554335,0.8343853448378238,-0.18499538142757443,1.9209796469572225,0.3352114949585878,4.0,0.0,0.8286044257350984,0.05913001675844454,0.12136022923126935,-0.03622076009362299,0.5707851307438275,0.11098467608844764
linearly_separable,3,-1,3,120,0.9579184433589275,0.4495317727921876,0.45651590425175753,0.5434840957482425,2.190504187666864,1.6367861718693217,1.497319022390428,8.0,0.647170157359833,0.14479084197279835,0.2757390552837519,0.6042105800400975,0.14769467578834,0.39578941995990247,-0.14769467578834006,1.6550521176468582,-0.5354520700200058,1.2491548302531554,-0.3876313416161663,2.152330511386268,0.65501148899584,8.0,0.0,0.7670612956031719,0.11989113824333897,0.08914249910257399,-0.055648342870224354,0.4525378880251801,0.17679883274142816
linearly_separable,3,1,3,120,0.928848725821708,0.4171103210656138,0.4489495768713873,0.5510504231286126,2.2274216337806565,1.666602512411437,1.5059632747299712,8.0,0.6407142681170778,0.1421126884110871,0.2678243139209569,0.6572328343209034,0.2082832574495161,0.3427671656790966,-0.20828325744951603,1.5215307997100698,-0.7058908340705867,1.103998187011688,-0.562604325399749,2.2901305700162364,0.7841672952862653,8.0,0.0,0.803248099532442,0.16253383141536426,0.08133147288545003,-0.06078121552563706,0.5191284480909102,0.2513041341699533
linearly_separable,4,-1,4,113,0.9525880669905963,0.3553562638859345,0.33592389794662814,0.6640761020533719,2.9768647188027115,2.260601645146319,1.476754549828174,16.0,0.5455262042867555,0.1245860063527032,0.16630704083651693,0.49078305882021145,0.1548591608735833,0.5092169411797886,-0.1548591608735833,2.037560143994966,-0.9393045748077453,1.754193034487815,-0.506408610658504,2.1185646875666593,0.6418101377384853,16.0,0.0,0.6872906240313924,0.14176441974463694,0.08261510629449942,-0.04197090005820378,0.3259421962683685,0.15963515543185158
linearly_separable,4,1,4,127,1.203949818519805,0.39540135879117505,0.2989525385468795,0.7010474614531206,3.345012572432756,2.3639253157789915,1.248109906153875,16.0,0.5007128606985419,0.14372803935313128,0.13124362113814217,0.6880131898487885,0.389060651301909,0.31198681015121155,-0.38906065130190903,1.4534605073774531,-1.8915520650553028,1.1327423715538596,-1.2311829442251319,2.7973608773831815,1.5492509712293066,16.0,0.0,0.8257201368206601,0.3250072761221182,0.05034478411859719,-0.09338325523453408,0.5632559735447318,0.43201235240658964
linearly_separable,5,-1,5,112,1.20913651149609,0.4241598256891034,0.22088017441690241,0.7791198255830976,4.527341589800361,2.965330872079295,1.291326554076312,32.0,0.422477879153362,0.1161416462233325,0.07940043832956405,0.44008512335603,0.2192049489391276,0.55991487664397,-0.21920494893912756,2.2722876710172213,-2.25505391878314,2.0889427286014994,-0.8763881434777954,2.126625582854599,0.8352990287782871,32.0,0.0,0.6503642610011346,0.22788638184777266,0.07754876967795797,-0.038592876545374535,0.27614544307462374,0.19674500474505968
linearly_separable,5,1,5,128,1.1864640663029955,0.38796700262714706,0.2222547665695598,0.7777452334304402,4.499341073465917,3.00616652555824,1.3758327097600265,32.0,0.42809395388709914,0.10814900802677815,0.08191023855939783,0.5810781433383045,0.35882337676874476,0.41892185666169546,-0.35882337676874476,1.720938933023675,-2.778402140442242,1.5976058700811429,-1.408560655477097,2.587211321362273,1.2113786116022467,32.0,0.0,0.7565171907932183,0.3284232369061192,0.05691243939176771,-0.05123656863501044,0.43337486624660204,0.3514646276872042
linearly_separable,6,-1,6,114,1.018196301091904,0.35546920390649467,0.1435207947868331,0.8564792052131669,6.967631425712687,3.7570323585816783,1.191706547846998,64.0,0.3292675566846388,0.09999939286489964,0.038283923862511636,0.2813116948233621,0.137790900036529,0.718688305176638,-0.13779090003652894,3.5547757821725403,-3.412855643540147,2.964964951957984,-0.7920674066236941,1.7923096719102634,0.6006031240632654,64.0,0.0,0.5083778628006963,0.1791103061160575,0.08468303814528853,-0.015316354719611111,0.13286425570121163,0.09458033183869999
linearly_separable,6,1,6,126,1.363020152177989,0.4230669873461431,0.1587292222192167,0.8412707777807833,6.3000371703385944,3.6357122637859396,1.2612837416972962,64.0,0.3524965865767743,0.09985880088487785,0.046370206246561074,0.5754889198855483,0.4167596976663316,0.4245110801144517,-0.4167596976663316,1.7376529164086727,-4.562384253929922,1.7155148474800095,-1.92019741630593,2.669057621323855,1.4077738796265589,64.0,0.0,0.7537952975183666,0.4012987109415923,0.05225121902119428,-0.04760758186368357,0.428607385581888,0.3822371793353269
linearly_separable,7,-1,7,111,1.4324576897815553,0.4211632207372128,0.10968872717238094,0.890311272827619,9.1167071200348,4.228644148122904,1.0714099743700616,111.0,0.279388034524122,0.09569744938641564,0.023886084646464138,0.3658714644473027,0.25618273727492175,0.6341285355526973,-0.2561827372749217,2.7332003098701136,-6.383506810164686,2.7180794817268477,-1.5105646663960566,2.0562887397115754,0.9848787653415139,111.0,0.0,0.5930168658553462,0.3136288313312242,0.07586338071540853,-0.019834068671007107,0.20930262614616466,0.18541654149970052
linearly_separable,7,1,7,129,2.071794884355888,0.48850911162843114,0.11536286968640612,0.8846371303135939,8.66830031810344,4.165095251625571,1.1527341374765367,128.0,0.28918119324011615,0.09131538834155513,0.02625197783542094,0.7367530406650538,0.6213901709786477,0.26324695933494624,-0.6213901709786477,1.3573069194221687,-7.310993398681272,1.2115598843798843,-2.9535353672456868,3.5987431858364283,2.4460090483598913,128.0,0.0,0.8574101418193715,0.5682289485792553,0.023457099434927117,-0.06785828890662801,0.630353224237731,0.60410124640231
linearly_separable,8,-1,8,121,1.325351089335611,0.3163588213584984,0.07655955087254467,0.9234404491274554,13.061727617299987,4.8068988310053715,1.211661944101385,121.0,0.22703350193588046,0.06758835116197306,0.012926882291686823,0.298246331467572,0.22168678059502733,0.7017536685324279,-0.22168678059502744,3.352933110960089,-9.708794506339897,3.2129333160014073,-1.5939655150039642,2.2486155553539313,1.0369536112525464,121.0,0.0,0.533815490530321,0.3067819885944405,0.05634168673778195,-0.011246664424191116,0.152667335362862,0.1397404530711752
linearly_separable,8,1,8,119,1.4841699567870994,0.3546509629594239,0.07779674865192693,0.9222032513480731,12.854007620217317,4.785753590923403,1.1494428647539896,119.0,0.22873992789681696,0.0724678349373833,0.013246633316412392,0.4885921565767981,0.4107954079248712,0.5114078434232019,-0.41079540792487124,2.0466967931009297,-10.807310827116387,2.1854905353371565,-2.6002630555862467,2.435387140686008,1.2859442759320185,119.0,0.0,0.6921343099116118,0.4633943820147949,0.06060593863592774,-0.011861896301455566,0.3320265488886017,0.3187799155721893
linearly_separable,9,-1,9,127,1.3901558763261,0.3053043544304811,0.06340000726072913,0.9365999927392709,15.772868856111542,5.158676395974801,1.2287718436151354,127.0,0.20529581011608286,0.06008018409463723,0.009543772425654427,0.27778664470246833,0.2143866374417392,0.7222133552975316,-0.21438663744173925,3.599885088324098,-12.172983767787443,3.420711154204063,-1.737965241770738,2.227111020654855,0.9983391770397196,127.0,0.0,0.5148362739465695,0.3095404638304866,0.055519700114965084,-0.004560483979672146,0.13696249523012546,0.12741872280447103
linearly_separable,9,1,9,113,1.8835708727262157,0.3720530739214209,0.062326972602618255,0.9376730273973818,16.04441798217537,5.141261670931758,1.1883333038728436,113.0,0.20223148075474248,0.061625742548926964,0.009168935494541139,0.5815460659867351,0.5192190933841169,0.4184539340132649,-0.5192190933841169,1.719554233942337,-14.324863748233035,1.807996374097385,-3.333265296834373,2.3752817663299153,1.1869484624570716,113.0,0.0,0.757686347674961,0.5554548669202185,0.07045595369829387,0.008830211149366905,0.43540241762778864,0.4262334821332475
linearly_separable,10,-1,10,112,1.6580129827794898,0.3843919204309848,0.045100950929243315,0.9548990490707567,22.172481497537632,5.521599875420766,1.10616611823916,112.0,0.16242649295115577,0.05373472443828181,0.004947350590843655,0.330528974927059,0.2854280239978157,0.669471025072941,-0.28542802399781575,3.0254533667454706,-19.14702813079216,3.1996986119255144,-2.321901263495252,2.347460843620847,1.2412947253816868,112.0,0.0,0.5664995573067745,0.40407306435561874,0.05416394444255954,0.00042922000427773194,0.18214096318223952,0.17719361259139588
linearly_separable,10,1,10,128,1.9763776611592287,0.38286180716442353,0.042769668443804996,0.957230331556195,23.381055696372734,5.631590232897854,1.1379610567719607,128.0,0.15795764645239357,0.050620968105394244,0.004543303714095984,0.6246641365250288,0.5818944680812238,0.37533586347497117,-0.5818944680812238,1.6008602727906605,-21.78019542358207,1.7374860007429416,-3.8941042321549126,3.0280135979361806,1.89005254116422,128.0,0.0,0.7880914528215385,0.6301338063691448,0.03815285312915053,-0.012468114976243713,0.4895805702472114,0.4850372665331154
hidden_manifold,2,-1,2,120,0.32166216042192797,0.22744949488546035,0.5134249655617833,0.4865750344382167,1.9477042743837207,1.3124027178593798,1.3591735364777235,4.0,0.6852116156474511,0.17601235334383064,0.32852518824633037,0.5364457749015673,0.02302080933978401,0.4635542250984327,-0.02302080933978401,1.8641213087818438,-0.08358296560187695,1.259448154466844,-0.05295456339253568,1.4394542490013678,0.08028071252364422,4.0,0.0,0.7054291432467072,0.020217527599256102,0.16722698521341017,-0.008785368130420468,0.35675948849291966,0.028234300246589294
hidden_manifold,2,1,2,120,0.5332823805802615,0.37708758759560806,0.5361246793988873,0.4638753206011127,1.8652377673066984,1.238373102463488,1.3502959669560253,4.0,0.7022594123831895,0.18200003913760449,0.3532924251548113,0.5998469274841564,0.06372224808526905,0.40015307251584364,-0.06372224808526905,1.6670919766050027,-0.1981457907016957,1.0958913130834969,-0.14248178937999123,1.5869117150878493,0.23661574813182407,4.0,0.0,0.7550789905555094,0.05281957817231997,0.15445621404640983,-0.027543825091194657,0.4346118867997642,0.0813194616449529
hidden_manifold,3,-1,3,121,0.8333311025405611,0.5164379274384999,0.44648199600632593,0.553518003993674,2.2397319689142217,1.6393667771465281,1.3383604925500643,8.0,0.6358071979058026,0.16675653540888247,0.2628637914058754,0.5728740699109349,0.126392073904609,0.4271259300890651,-0.12639207390460894,1.7455843308730496,-0.494147638041172,1.2968082210786336,-0.34255855606789454,1.8293975824658395,0.4910370899157752,8.0,0.0,0.741793149511317,0.10598595160551438,0.11906539114314141,-0.04769114426574106,0.4105024260118326,0.14763863460595722
hidden_manifold,3,1,3,119,0.7552583282671798,0.3450104331913663,0.37705824073820177,0.6229417592617983,2.652110183408822,1.9341125218076494,1.2825840325511502,8.0,0.5750908721170529,0.15948406865952516,0.19634215866624138,0.45782200866151934,0.08076376792331758,0.5421779913384807,-0.08076376792331763,2.184254974817797,-0.46785520859102503,1.692868358912364,-0.24124416289528527,1.5710665456448079,0.2884825130936577,8.0,0.0,0.6523307472924808,0.07723987517542785,0.13556960097610635,-0.023914467683418816,0.28123732691074693,0.08489516824450555
hidden_manifold,4,-1,4,120,1.4525732504684563,0.6995437603844186,0.26793146469879353,0.7320685353012064,3.7322977393647747,2.4614271448316094,0.5910241418587492,16.0,0.4367201602128847,0.24183809720998162,0.09886944120475155,0.43536349794924917,0.16743203325045564,0.5646365020507509,-0.16743203325045553,2.296931195909702,-1.4353665434550726,1.8447221546697223,-0.6167049901618871,1.5021418712213315,0.9111177293625823,16.0,0.0,0.6341327941969536,0.19741263398406889,0.1411914140011036,-0.10064668320887801,0.2588866459833956,0.16001720477864406
hidden_manifold,4,1,4,120,1.4630003370588678,0.7263014914962098,0.26577273205421187,0.7342272679457882,3.762613238276159,2.4530611131154574,0.6395144866932461,16.0,0.4371526443327436,0.23061921902992485,0.09756410148366368,0.41504747781028456,0.1492747457560727,0.5849525221897154,-0.1492747457560728,2.4093629125897094,-1.3532503256864494,1.8573466551436606,-0.5957144579717968,1.3413094595733532,0.7017949728801072,16.0,0.0,0.6100123580856418,0.17285971375289821,0.15952007183698502,-0.07109914719293983,0.23295961057844042,0.13539550909477674
hidden_manifold,5,-1,5,119,1.8783509093076767,0.6296041525644124,0.2519895711203806,0.7480104288796194,3.9684181990304643,2.6815610606534914,1.0371707285568788,32.0,0.44516519477353433,0.15779152644974703,0.09529878097470441,0.4329990437261963,0.18100947260581568,0.5670009562738036,-0.1810094726058158,2.309473922608343,-1.6589442764221212,1.906734880501221,-0.7748261801522704,1.4298790137922721,0.39270828523539336,32.0,0.0,0.6320886662924018,0.18692347151886746,0.15128275951312664,-0.0065087669366203915,0.25677330470152004,0.16147452372681564
hidden_manifold,5,1,5,121,2.0392320321392856,0.6827748031954184,0.28028232395505204,0.719717676044948,3.567831127875073,2.5700564305162095,1.218181583379211,32.0,0.4832128975406975,0.14291867394582952,0.11847343652505271,0.41231991242340194,0.1320375884683499,0.5876800875765981,-0.1320375884683499,2.4253012524244104,-1.1425298754506628,1.993298718464837,-0.5767577120513725,1.5532917121584284,0.33511012877921753,32.0,0.0,0.6164150363110633,0.1332021387703658,0.13040288646896842,-0.012515787476861107,0.2377408672321631,0.11926743070711038
hidden_manifold,6,-1,6,119,2.4695218451121983,0.8155814066238352,0.22184166200995936,0.7781583379900406,4.507719564213804,3.044820592950687,1.039776668066744,64.0,0.42186681788303093,0.14914410686636473,0.07998853939738985,0.409628403510038,0.18778674150007862,0.5903715964899621,-0.18778674150007857,2.4412369636264613,-2.066482600587343,2.1074032966864618,-0.9374172962642251,1.449678406529609,0.40990173846286515,64.0,0.0,0.6160975178698623,0.1942306999868314,0.1445646558351655,-0.004579451031199222,0.23737706998269548,0.1573885305853056
hidden_manifold,6,1,6,121,2.284231532125476,0.848684010668477,0.30046552618061445,0.6995344738193856,3.328168834247176,2.4946650627109523,1.3065550969703423,64.0,0.5070522881427542,0.13728499680767248,0.1353882196698773,0.45843884784601213,0.15797332166539768,0.5415611521539878,-0.1579733216653978,2.1813160134629257,-1.1468528207842503,1.836465361252903,-0.6581997014580494,1.640044990887104,0.33348989391676165,64.0,0.0,0.6562513426363489,0.14919905449359472,0.127293936002115,-0.009991060805557478,0.2856019662171737,0.1502137465472964
hidden_manifold,7,-1,7,122,2.614895740591482,0.6960338644576312,0.1353243023412972,0.8646756976587028,7.38965568415,3.7623651254298487,0.8579562961407938,122.0,0.29871430245535063,0.12666316390346496,0.0312636445913793,0.344190409298014,0.20886610695671678,0.6558095907019861,-0.2088661069567167,2.9053685779319887,-4.484287106218011,2.4811093768734853,-1.2812557485563634,1.5036708708003412,0.6457145746595474,122.0,0.0,0.5610400810156704,0.26232577856031974,0.12472626772180279,-0.0019368961816621788,0.17945030565993278,0.1481866610685535
hidden_manifold,7,1,7,118,2.4162433693900778,0.7360212890785445,0.13271444348276548,0.8672855565172345,7.534974896156361,3.7539378357973527,0.632305358546277,118.0,0.28853643459042666,0.1533182780201856,0.02940738279953251,0.3235369077137028,0.19082246423093732,0.6764630922862972,-0.1908224642309373,3.0908374783778862,-4.4441374177784745,2.5646238866549527,-1.1893139491424,1.4549018097084123,0.8225964511621353,118.0,0.0,0.5399865681364522,0.2514501335460255,0.1260454373354239,-0.027272840684761712,0.16063766250422895,0.13123027970469645
hidden_manifold,8,-1,8,121,2.6933024345253944,0.7336312188487198,0.16789004825371545,0.8321099517462845,5.956279186296975,3.465184877389061,0.7265533772283286,121.0,0.3406668252849661,0.16473721541762174,0.04592293326917772,0.3153357231020366,0.14744567484832116,0.6846642768979634,-0.14744567484832116,3.1712233240266885,-2.785055862270286,2.504469233107499,-0.9607156442815619,1.1962108387301964,0.4696574615018678,121.0,0.0,0.5213425477998894,0.1806757225149233,0.15762148091514125,-0.007115734502480486,0.14736810002942008,0.10144516676024236
hidden_manifold,8,1,8,119,2.8899380875265024,0.8652723589664804,0.14190411894471217,0.8580958810552879,7.047011795264478,3.652508205595942,0.8078144503667934,119.0,0.3040675866486164,0.13556287445721033,0.033283860726033815,0.3074079218733589,0.16550380292864675,0.692592078126641,-0.16550380292864686,3.253006604078226,-3.7940051911862516,2.5893928130600394,-1.0631153925359027,1.2748346654743241,0.46702021510753067,119.0,0.0,0.5165838721836091,0.21251628553499274,0.14437339950620603,0.00881052504899571,0.1428146359948535,0.10953077526881969
hidden_manifold,9,-1,9,120,3.3365409102090764,0.7878942790650327,0.09994531211233917,0.9000546878876609,10.005471781167621,4.276796693316067,0.6044366876542685,120.0,0.24356118286896522,0.13307747636207165,0.018101679056997222,0.2572253929966365,0.15728008088429732,0.7427746070033635,-0.15728008088429735,3.8876410619890707,-6.117830719178551,2.9977535655222236,-1.2790431277938432,1.1968477859167905,0.592411098262522,120.0,0.0,0.4691642742077599,0.2256030913387947,0.14175570462078002,0.00867822825870837,0.10737461424614779,0.08927293518915057
hidden_manifold,9,1,9,120,3.397983935850548,0.8307993813053423,0.10757445530740987,0.8924255446925902,9.29588718011495,4.275484159974484,0.8961070577524145,120.0,0.2711903908934576,0.11068784870317351,0.022502897536871787,0.25660947173936355,0.14903501643195366,0.7433905282606365,-0.14903501643195372,3.896972287194812,-5.398914892920137,3.0537434637741976,-1.2217406962002864,1.3268945224270958,0.4307874646746813,120.0,0.0,0.4739059236865386,0.20271553279308102,0.12572717811351528,0.015039329410341765,0.10944972970703966,0.08694683217016787
hidden_manifold,10,-1,10,115,3.5679959690268555,0.7208002651810388,0.1015203746285076,0.8984796253714924,9.850239458426834,4.368787946161325,0.813074897813165,115.0,0.2582121544643182,0.11451509556808934,0.02000842033042086,0.2438749160750546,0.142354541446547,0.7561250839249454,-0.14235454144654702,4.10046271299276,-5.749776745434074,3.1552244214965524,-1.2135635246647722,1.3167149940255827,0.5036400962124177,115.0,0.0,0.45884959173652,0.2006374372722018,0.12297824569789728,0.008463150129807945,0.09985884907878356,0.0798504287483627
hidden_manifold,10,1,10,125,3.4847622224337576,0.7309233862325766,0.08816998446365625,0.9118300155363438,11.341728209243373,4.502084437090674,0.6926223321978492,125.0,0.22513449548618172,0.11262634398562095,0.014413559903260013,0.21867679908930446,0.13050681462564823,0.7813232009106955,-0.13050681462564828,4.572958833148158,-6.768769376095214,3.24489229386177,-1.2571921432289037,1.0699674152900376,0.3773450830921884,125.0,0.0,0.4217143774735686,0.19657988198738688,0.14465633689934912,0.03202999291372817,0.07952311889176025,0.06510955898850024
hidden_manifold_diff,2,-1,10,119,3.8605194320769707,0.9420095267166164,0.2430517877688908,0.7569482122311092,4.1143494939064755,2.5145161441028003,0.27985499699437083,84.0,0.37055470543489843,0.2800998340608976,0.07584369830951829,0.4215253181330899,0.1784735303641991,0.5784746818669101,-0.1784735303641991,2.372336742260084,-1.7420127516463917,1.7562194145353023,-0.758296729567498,0.8920335105602751,0.6121785135659044,82.0,-2.0,0.5959207969084774,0.225366091473579,0.24422117181341174,-0.03587866224748587,0.22658038907990846,0.15073669077039017
hidden_manifold_diff,2,1,10,121,3.336481159757615,0.8900225020174413,0.23863350458321336,0.7613664954167867,4.190526396310339,2.5729532973953897,0.41477340288783826,82.0,0.38500153433185286,0.2542896360218033,0.07598166918762507,0.4766812982314842,0.23804779364827083,0.5233187017685158,-0.2380477936482709,2.09783770353496,-2.0926886927753796,1.6304915534184659,-0.9424617439769238,1.2872720116001466,0.8724986087123083,79.0,-3.0,0.660648733833131,0.2756471995012782,0.18235407619833516,-0.07193555982346816,0.2948146450156469,0.21883297582802186
hidden_manifold_diff,3,-1,10,121,3.54494611851012,0.7967223098509085,0.17178313349380153,0.8282168665061984,5.821293276362799,3.287129252729813,0.5402243363894893,121.0,0.3297604607789378,0.1921242269307027,0.04505978152740042,0.2796412163080569,0.10785808281425535,0.7203587836919432,-0.10785808281425524,3.576010765517431,-2.2452825108453682,2.5463724995514165,-0.7407567531783963,0.6683833661873881,0.12815902979789884,121.0,0.0,0.4577949930015183,0.12803453222258054,0.23463663986544878,0.042512412934746086,0.1099085898972414,0.06484880836984097
hidden_manifold_diff,3,1,10,119,3.4691535520792742,0.7153698008855588,0.17256175377061866,0.8274382462293813,5.795026870955837,3.2687230473682924,0.6431261594960925,119.0,0.3372363586836137,0.17726714457038975,0.046110394935049585,0.31742470390140937,0.1448629501307907,0.6825752960985907,-0.14486295013079065,3.150353415185339,-2.6446734557704983,2.442721611490819,-0.8260014358774734,1.0773566425327392,0.4342304830366467,119.0,0.0,0.520964282062245,0.1837279233786313,0.17738541308513914,0.00011826851474938671,0.14796171476336784,0.10185131982831824
hidden_manifold_diff,4,-1,10,123,3.3400004085517074,0.8726361458361214,0.16527612484946597,0.834723875150534,6.050480678384753,3.5072953847995705,0.9183707836389732,123.0,0.34580868673444887,0.13803605373499325,0.04622012631037859,0.33375949079008177,0.1684833659406158,0.6662405092099182,-0.16848336594061586,2.996169480103116,-3.054311198281637,2.4331408842109234,-1.074154500588647,1.1969610897050031,0.27859030606602997,123.0,0.0,0.5407777925855224,0.19496910585107352,0.16337486901090412,0.025338815275910864,0.16369860170124292,0.11747847539086434
hidden_manifold_diff,4,1,10,117,3.111830672627246,0.8822528245409724,0.12656493161237817,0.8734350683876219,7.901082766454078,3.9628571437814952,0.9639122109905107,117.0,0.2993128038687397,0.11415726123919434,0.029778766875804916,0.31271576086633623,0.18615082925395807,0.6872842391336638,-0.1861508292539581,3.197792133116786,-4.703290633337292,2.6572623437504443,-1.3055948000310509,1.5626150152534577,0.598702804262947,117.0,0.0,0.5316214309139119,0.2323086270451722,0.11142108971124724,-0.0027361715279470983,0.15295889865049525,0.12318013177469034
hidden_manifold_diff,5,-1,10,120,3.1573465377922765,0.7310629815657285,0.12012233985413294,0.8798776601458671,8.32484616278971,3.9991974108564268,0.5754812050970303,120.0,0.27194562003934286,0.1529515056912879,0.025090407052775064,0.25263117233292504,0.13250883247879208,0.7473688276670749,-0.1325088324787922,3.9583397043424617,-4.3665064584472475,2.9310624147607984,-1.0681349960956283,0.9941717029920728,0.41869049789504253,120.0,0.0,0.4559019379958306,0.18395631795648776,0.16869730851240944,0.015745802821121535,0.1006531971095608,0.07556279005678573
hidden_manifold_diff,5,1,10,120,2.968237936059349,0.8323964639062642,0.10843476757060751,0.8915652324293925,9.222134398442345,4.115694031591081,0.7268460269475475,120.0,0.25645036819397127,0.12397613936591528,0.020714119034596135,0.1958582397017561,0.08742347213114858,0.8041417602982439,-0.08742347213114854,5.105733624088289,-4.116400774354055,3.240348653973541,-0.8753453776175402,0.7681063183237095,0.04126029137616194,120.0,0.0,0.37874910290624797,0.1222987347122767,0.17569818586112243,0.05172204649520715,0.061326158026845407,0.04061203899224927
hidden_manifold_diff,6,-1,10,120,3.446748849970599,0.9310928365951388,0.10483548687674231,0.8951645131232577,9.538754765127623,4.265673968169164,0.7890209465949549,120.0,0.26070705691266344,0.11843643972794825,0.020686545412466693,0.2901594801464282,0.18532399326968585,0.7098405198535718,-0.18532399326968596,3.446380588686445,-6.092374176441178,2.910560239404122,-1.3551137287650419,1.5052679063811916,0.7162469597862366,120.0,0.0,0.5133822104213109,0.2526751535086475,0.11394919725247797,-0.004487242475470277,0.13752582189537557,0.11683927648290887
hidden_manifold_diff,6,1,10,120,3.616109827690479,0.877119123128949,0.12564442435609124,0.8743555756439088,7.958968375436072,4.054495874016476,0.9930402566448372,120.0,0.29963287685189655,0.11099861511559725,0.029806208273254323,0.3438369106822127,0.21819248632612148,0.6561630893177872,-0.21819248632612154,2.908355586419977,-5.050612789016095,2.6374180125151856,-1.4170778615012907,1.7313346330238597,0.7382943763790225,120.0,0.0,0.5667967419987568,0.2671638651468603,0.10035020586545898,-0.010648409250138269,0.18381930527068588,0.15401309699743154
hidden_manifold_diff,7,-1,10,116,3.3234295959516205,0.7344281422914305,0.10884405387900545,0.8911559461209946,9.187456405396588,4.303997436877397,0.925877214372523,116.0,0.27313990524452125,0.10821358607198665,0.023067087826589762,0.2679359181253498,0.15909186424634433,0.7320640818746502,-0.15909186424634436,3.7322357039572616,-5.455220701439327,3.0007849672542504,-1.3032124696231469,1.3285874205635448,0.4027102061910218,116.0,0.0,0.48583133048614946,0.2126914252416282,0.12867297221985707,0.02045938614787042,0.11779980127265072,0.09473271344606096
hidden_manifold_diff,7,1,10,124,3.325887254346503,0.7631903800921664,0.08447577013288665,0.9155242298671133,11.837713919943267,4.667185540299446,0.8077318590697422,124.0,0.23211930920275795,0.10349462140081968,0.01459897012902168,0.19256466660334304,0.10808889647045639,0.807435333396657,-0.10808889647045639,5.1930606878148815,-6.644653232128386,3.525265541456569,-1.141919998842877,1.011919159745703,0.2041873006759607,124.0,0.0,0.39443983925152803,0.1623205300487701,0.14338702891190055,0.03989240751108088,0.06526284703851253,0.05066387690949085
hidden_manifold_diff,8,-1,10,126,2.9204891282963494,0.7493584725145979,0.10695692103752955,0.8930430789624705,9.349558591436223,4.318355452076061,0.9188008831025725,126.0,0.26862485320210705,0.10718056390915595,0.0221001555495173,0.22766435293363976,0.12070743189611022,0.7723356470663603,-0.12070743189611022,4.392431169457095,-4.957127421979128,3.2788195339833885,-1.0395359180926729,1.2368222318961113,0.3180213487935388,126.0,0.0,0.4412287603311189,0.17260390712901186,0.1280910372927607,0.020910473383604744,0.08902955416420182,0.06692939861468451
hidden_manifold_diff,8,1,10,114,3.215364747136044,0.6642979477224282,0.09939044356448772,0.9006095564355123,10.061329481351674,4.384876062702678,0.831048251784982,114.0,0.25263663861903574,0.11004660893176957,0.018918984474760047,0.21185063320325687,0.11246018963876915,0.7881493667967432,-0.11246018963876914,4.720306873194781,-5.341022608156893,3.3654850396707277,-1.0193910230319503,1.207096930359809,0.37604867857482693,114.0,0.0,0.4208401548549689,0.16820351623593316,0.1258582346305208,0.01581162569875122,0.0778470233227066,0.05892803884794655
hidden_manifold_diff,9,-1,10,124,3.5024393074967417,0.7148416962557836,0.11025163592303304,0.889748364076967,9.07016019878474,4.357600935626813,1.0890688941519102,124.0,0.28257115255807963,0.09509358311882038,0.02466947445232696,0.24010002378452236,0.12984838786148933,0.7598999762154777,-0.12984838786148933,4.164930866052098,-4.905229332732642,3.2554359918867464,-1.1021649437400667,1.4247159479079532,0.335647053756043,124.0,0.0,0.45982021750822494,0.1772490649501453,0.11062207183357858,0.015528488714758204,0.099613612988485,0.07494413853615804
hidden_manifold_diff,9,1,10,116,3.943059730185043,0.8134346170157127,0.0850684791030631,0.9149315208969369,11.7552354355421,4.690451772981363,0.9038650256774311,116.0,0.23637849983774228,0.09573359746001242,0.015106596420737478,0.24409139606803948,0.1590229169649764,0.7559086039319605,-0.1590229169649764,4.096826090999349,-7.658409344542751,3.263615731796139,-1.426836041185224,1.2851577184040748,0.3812926927266437,116.0,0.0,0.462906824192359,0.22652832435461673,0.12804324671088793,0.03230964925087551,0.1020337780945669,0.08692718167382943
hidden_manifold_diff,10,-1,10,118,2.6720284717036766,0.6001809749117029,0.06601318592347792,0.9339868140765221,15.148488684657545,5.015355924956789,0.8168797129403285,118.0,0.19951801335030522,0.08814866920529278,0.009432472083069507,0.1362546288731777,0.07024144294969979,0.8637453711268223,-0.0702414429496998,7.3392002038387565,-7.809288480818789,4.128843589611344,-0.8865123353454454,1.1190651552255602,0.3021854422852317,118.0,0.0,0.32663333729084437,0.12711532394053915,0.10667353480654687,0.01852486560125409,0.0370483309767533,0.027615858893683794
hidden_manifold_diff,10,1,10,122,3.1909620146939472,0.7755137363598348,0.05416969640847571,0.9458303035915243,18.46050589723324,5.211628155924355,0.7465352296416058,122.0,0.168644029291922,0.07993828730407539,0.006144309782734113,0.1487028083372994,0.09453311192882369,0.8512971916627006,-0.09453311192882374,6.724822558372411,-11.735683338860829,4.025626126262187,-1.186002029662168,1.2313864277120439,0.4848511980704381,122.0,0.0,0.3459260019477144,0.1772819726557924,0.1009715160005528,0.02103322869647742,0.043524723430273804,0.03738041364753969
two_curves,2,-1,2,120,1.1433231093190712,0.8084515236868036,0.5630873709413786,0.4369126290586214,1.7759233319834251,1.11162587853701,1.105277264809313,4.0,0.711288528505345,0.23552119026317456,0.3729868517597952,0.7999764357756844,0.23688906483430583,0.20002356422431555,-0.23688906483430583,1.250036820185042,-0.5258865117983831,0.610968921873964,-0.5006569566630459,2.3755985841488525,1.2703213193395395,4.0,0.0,0.8903435569645017,0.17905502845915677,0.08276529434930092,-0.15275589591387362,0.7063596640232072,0.333372812263412
two_curves,2,1,2,120,1.0410699496840572,0.7361476211111346,0.639126228306681,0.360873771693319,1.5646361480883488,0.9748167919966793,1.5399005887411392,4.0,0.7806663044788517,0.16737674050655138,0.4805183628758462,0.8082306316632968,0.1691044033566158,0.19176936833670322,-0.1691044033566158,1.237270601761346,-0.3273655463270029,0.598757053398229,-0.3760597385984502,2.4874759832459272,0.947575394504788,4.0,0.0,0.8956334568046685,0.11496715232581689,0.07444460245987493,-0.09293213804667645,0.718863632368858,0.23834526949301177
two_curves,3,-1,3,116,1.1581162712673554,0.6708338077760586,0.6277446594918406,0.37225534050815945,1.5930043925973025,1.1165800751605217,1.7683700824128226,8.0,0.7791273678802243,0.13292757776964828,0.47543317509229494,0.7754894937630217,0.14774483427118112,0.22451050623697832,-0.14774483427118112,1.2895081210546813,-0.30349627154262127,0.7063558017629217,-0.41022427339760004,2.2969511505328746,0.528581068120052,8.0,0.0,0.8759162068479824,0.09678883896775814,0.08808649958643774,-0.044841078183210537,0.6727199325235467,0.19728675743125174
two_curves,3,1,3,124,1.2463787555852324,0.7054158589294554,0.5308949918274234,0.4691050081725766,1.8836116659489366,1.3083086034101474,1.1985899011746812,8.0,0.6951125017339123,0.20965929413133927,0.34525951366202634,0.6680101204909562,0.13711512866353281,0.3319898795090438,-0.13711512866353281,1.4969833080748038,-0.38662835787413274,0.9091692575639383,-0.39913934584620914,1.5771871473276318,0.37859724615295054,8.0,0.0,0.8001470818528624,0.10503458011895017,0.16527461367641383,-0.04438468045492544,0.5168038497336293,0.1715443360716029
two_curves,4,-1,4,120,1.6660279809883314,0.848237519127541,0.5752294984030475,0.4247705015969525,1.738436576664098,1.2951520970220596,1.7192625049751278,16.0,0.7423765634251399,0.13303258621354316,0.4119270074494208,0.7286427994310992,0.15341330102805173,0.2713572005689008,-0.15341330102805173,1.3724145778710333,-0.36602199879306463,0.84502052633968,-0.45013157068237963,2.160857084625972,0.44159457965084425,16.0,0.0,0.8471906217985036,0.10481405837336366,0.09761865768522522,-0.03541392852831794,0.6090297697956313,0.1971027623462105
two_curves,4,1,4,120,1.868686079558037,0.8777607702075214,0.5180027980005025,0.48199720199949747,1.9304915028644882,1.4251954337621342,1.43937544896875,16.0,0.6946678910284206,0.16468893097855314,0.3403159387021754,0.6728497290101735,0.15484693100967095,0.3271502709898265,-0.15484693100967095,1.4862159511769382,-0.44427555168755006,0.9777543331345944,-0.44744110062753983,1.8745038851511784,0.43512843618242836,16.0,0.0,0.8095678420189127,0.1148999509904921,0.12421285813113983,-0.04047607284741331,0.5325837807801215,0.19226784207794606
two_curves,5,-1,5,119,2.446603952372474,0.7966595161998429,0.4415242057402467,0.5584757942597534,2.264881487807512,1.7522036432523405,1.2583509693089518,32.0,0.6328148024267742,0.1797967127079352,0.2596973783033776,0.5782690435695892,0.1367448378293425,0.4217309564304108,-0.13674483782934255,1.7292988637730173,-0.5355826240344947,1.2704665963288697,-0.48173704692347075,1.4972759189159808,0.23892494960702892,32.0,0.0,0.7405029340260827,0.10768813159930846,0.16567924780119156,-0.014117464906743649,0.4106732612197877,0.15097588291641012
two_curves,5,1,5,121,2.527919470339672,0.8115480319113653,0.45016453361533815,0.5498354663846619,2.2214100075118126,1.7357636053173229,1.362857820344114,32.0,0.6431463936427534,0.1645993848230228,0.2710233648643623,0.6101028523865633,0.1599383187712251,0.38989714761343675,-0.1599383187712251,1.6390678982867573,-0.5823421092250554,1.1943772891927498,-0.5413863161245731,1.6488377731683093,0.2859799528241953,32.0,0.0,0.7657012321690885,0.12255483852633509,0.14722385979462516,-0.017375525028397648,0.4521807804971549,0.18115741563279258
two_curves,6,-1,6,121,3.291180516434271,0.8913646392502909,0.46337118191608323,0.5366288180839167,2.1580970915474422,1.6647551765787094,1.4114255791911643,64.0,0.6530153815649036,0.159202202010267,0.28338758989545404,0.6651909900732007,0.20181980815711748,0.3348090099267993,-0.20181980815711742,1.5033276381118081,-0.6547694534356341,1.0346775085135687,-0.6300776680651408,1.8987348265243542,0.4873092473331899,64.0,0.0,0.8053485308257249,0.1523331492608213,0.1206073604968187,-0.0385948415134483,0.5241617822841717,0.2407741923887176
two_curves,6,1,6,119,3.369670798526115,0.8966274009740282,0.501318079593476,0.49868192040652404,1.9947415437538387,1.585756392254321,1.6785690028998506,64.0,0.6888293015033151,0.12856369844271454,0.3296747386076299,0.6996879994238097,0.1983699198303337,0.30031200057619034,-0.1983699198303337,1.4292084483705538,-0.5655330953832849,0.9612416349648394,-0.6245147572894816,2.123621550058356,0.4450525471585056,64.0,0.0,0.8294711979846404,0.1406418964813253,0.09920285923699564,-0.0293608392057189,0.571727616624388,0.24205287801675807
two_curves,7,-1,7,112,3.040309147217251,0.873580220247456,0.4353749778662206,0.5646250221337794,2.2968706306940634,1.8494564809153773,1.4967642217134323,112.0,0.6350312777877795,0.14215386571205882,0.2597444630821542,0.594406202311129,0.15903122444490836,0.40559379768887105,-0.15903122444490836,1.6823512206162543,-0.6145194100778091,1.3038591350800157,-0.5455973458353616,1.8091844182597618,0.3124201965463296,108.0,-4.0,0.7583785769259243,0.1233472991381448,0.12421305597643625,-0.017940809735622565,0.43824566227168193,0.17850119918952773
two_curves,7,1,7,128,2.993728229383767,0.8484122384411719,0.4130136024226685,0.5869863975773315,2.4212277613477324,1.8968409373616468,1.4868524551480757,123.0,0.6137981037159459,0.13876940484908415,0.23540063954352006,0.5549487470946788,0.1419351446720103,0.4450512529053212,-0.1419351446720103,1.8019682092000324,-0.6192595521477,1.3958908815331843,-0.5009500558284625,1.6661340733410392,0.1792816181929635,118.0,-5.0,0.7281033525014853,0.11430524878553938,0.13759422188476328,-0.00117518296432087,0.3889338633113287,0.15353322376780862
two_curves,8,-1,8,111,3.7254169483113597,0.90191894101317,0.35163053826675916,0.6483694617332408,2.843894062583851,2.142916858398467,1.2363251817030236,111.0,0.5549730499498111,0.16119170520685097,0.1764551485828574,0.5167503204808697,0.1651197822141105,0.48324967951913034,-0.1651197822141105,1.9351705463277413,-0.9087235162561098,1.514364562519925,-0.6285522958785421,1.4876643309185045,0.25133914921548084,111.0,0.0,0.6971736621985296,0.1422006122487185,0.15749129792618938,-0.003700407280661594,0.34306142698359676,0.16660627840073935
two_curves,8,1,8,129,3.6446865557431165,0.8758563514689675,0.35359583781300385,0.6464041621869961,2.8280875877527762,2.1286767209980892,1.2599592785928473,129.0,0.5564479314285025,0.15784512383184723,0.17782641003571378,0.5276245549476225,0.17402871713461865,0.4723754450523775,-0.17402871713461865,1.8952870760521567,-0.9328005117006195,1.478250882436604,-0.6504258385614852,1.5109246790070094,0.25096540041416215,129.0,0.0,0.7056174906744026,0.14916955924590014,0.15573387386959484,-0.0021112499622523984,0.3553681284343272,0.1775417183986134
two_curves,9,-1,9,118,3.628769550169852,0.8844087146118784,0.37587812308345797,0.624121876916542,2.6604368240339578,2.073890035351811,1.436459650309475,118.0,0.580433934407215,0.138008646124104,0.20013999373906907,0.48147981217401503,0.10560168909055706,0.518520187825985,-0.105601689090557,2.0769302776885334,-0.5835065463454243,1.6365591500169494,-0.4373308853348614,1.456430762973009,0.01997111266353402,118.0,0.0,0.6690866171777814,0.08865268277056637,0.15594178451044857,0.017933138386344583,0.30403977714289754,0.10389978340382847
two_curves,9,1,9,122,3.706126969042586,0.8691531729697506,0.31212429494316135,0.6878757050568387,3.2038518506933356,2.2438814530152786,0.8210865516080073,122.0,0.49439371001465116,0.21751017520632113,0.13321021361099697,0.4172106481384753,0.10508635319531395,0.5827893518615247,-0.10508635319531401,2.396870752129252,-0.8069810985640835,1.7723536742638029,-0.4715277787514758,0.9659922322187063,0.14490568061069908,122.0,0.0,0.5967513962583384,0.10235768624368724,0.22712678204158573,0.009616606835264607,0.22495072412220435,0.09174051051120738
two_curves,10,-1,10,119,3.7784333853192713,0.8232462226083621,0.37994864583939625,0.6200513541606038,2.6319346336680947,2.1290352086565694,1.379808967678006,119.0,0.5880937772887874,0.14798004782593302,0.20732763181248468,0.5281551922561967,0.14820654641680042,0.47184480774380333,-0.14820654641680042,1.893382881891506,-0.7385517517765887,1.5229805345898346,-0.6060546740667347,1.50599587588188,0.12618690820387402,119.0,0.0,0.7068101400461672,0.11871636275737973,0.15676787543527748,0.008787827609344462,0.35711101940956175,0.14978338759707707
two_curves,10,1,10,121,3.7185921270889732,0.8419842520571099,0.3664409016773131,0.6335590983226869,2.7289530055806854,2.1485632273239665,1.2369648859539966,121.0,0.5713135177487826,0.16583167052256767,0.19177479476999224,0.49359647850294824,0.12715557682563516,0.5064035214970517,-0.12715557682563516,2.0259463824234456,-0.7030066231572398,1.6106583489140982,-0.5379048784098683,1.3052170031932953,0.06825211723929869,121.0,0.0,0.67541458720251,0.10410106945372744,0.18311414515247662,0.01728247462990895,0.3143795757845005,0.12260478101450825
two_curves_diff,2,-1,10,122,2.227252478314359,0.5765134604970309,0.38422120228628287,0.6157787977137171,2.602667406300241,1.7367444549392494,0.40442780164742254,122.0,0.5099510527529237,0.34032020181623834,0.17266061229344074,0.5092470136520738,0.12502581136579094,0.4907529863479262,-0.12502581136579094,1.963683582213831,-0.6389838240864099,1.3157992821110085,-0.42094517282824095,0.9070751731204361,0.5026473714730135,122.0,0.0,0.6603264708043988,0.15037541805147503,0.2665759496563075,-0.07374425215993086,0.3069500198937965,0.13428940760035576
two_curves_diff,2,1,10,118,2.2904856453037112,0.6198226349031244,0.38823552722604465,0.6117644727739553,2.5757560291945256,1.7282293344429125,0.45252341051401335,118.0,0.5202164759839535,0.3308686981666356,0.1776014291295688,0.48029652096428477,0.09206099373824012,0.5197034790357152,-0.09206099373824006,2.082047144527122,-0.4937088846674036,1.3945085964702366,-0.3337207379726759,0.7715335965030172,0.3190101859890039,118.0,0.0,0.6272914588175845,0.10707498283363104,0.28999906032632305,-0.040869637840312556,0.2713419936151376,0.0937405644855688
two_curves_diff,3,-1,10,120,2.7031462168779004,0.6183374278168722,0.3354447945780527,0.6645552054219472,2.981116464358536,2.113381134703141,0.8870290996296449,120.0,0.5213887052183058,0.21474832030908045,0.1530843285479664,0.5134146337320161,0.17796983915396342,0.4865853662679839,-0.17796983915396336,1.9477434695053197,-1.0333729948532164,1.4502131284830755,-0.6631680062200656,1.2230633973283866,0.3360342976987417,120.0,0.0,0.6849648160253334,0.1635761108070276,0.20160373768873158,-0.013144582620348871,0.32970188236584297,0.17661755381787658
two_curves_diff,3,1,10,120,2.7463599325162003,0.7269734207234182,0.32005375839789607,0.6799462416021039,3.1244751038254757,2.1627023932747917,0.8004704808803675,120.0,0.5008753050149131,0.22495192147547924,0.1385795887624032,0.4586247010611512,0.13857094266325515,0.5413752989388487,-0.1385709426632552,2.1804320562896673,-0.9440430475358084,1.6012338911236206,-0.5614685021511712,0.9978388455743449,0.19736836469397734,120.0,0.0,0.6318291963640776,0.13095389134916458,0.2329398470641983,0.007987925588719053,0.2651130429085372,0.126533454146134
two_curves_diff,4,-1,10,117,3.1258039825004955,0.7045691032510938,0.34697295435821257,0.6530270456417875,2.8820690126977637,2.0724119357386623,0.7531791631249911,117.0,0.5238572059618448,0.2466671794434337,0.15952361161651296,0.4678115600345914,0.12083860567637883,0.5321884399654087,-0.12083860567637883,2.1376128454928667,-0.744456167204897,1.5502364870671406,-0.5221754486715218,0.927322099238995,0.1741429361140039,117.0,0.0,0.6336826345349632,0.10982542857311839,0.2506922655882163,0.004025086144782586,0.27033493360295463,0.11081132198644167
two_curves_diff,4,1,10,123,3.2538574235242765,0.7188068891802442,0.37925613290066235,0.6207438670993377,2.6367404855175476,2.0295054608525285,1.1677248225178385,123.0,0.5775928233269844,0.17967404352804858,0.19944037967294256,0.510989556101954,0.1317334232012916,0.48901044389804604,-0.13173342320129167,1.9569871596367372,-0.6797533258808104,1.491946027850211,-0.5375594330023175,1.2691211646621068,0.10139634214426829,123.0,0.0,0.685647694310288,0.10805487098330369,0.19272084945228632,0.013046805924237737,0.32963159160602007,0.1301912119330775
two_curves_diff,5,-1,10,119,3.806824235000656,0.8255434959867665,0.3424918763729283,0.6575081236270717,2.9197772822825505,2.2219414791162744,1.2560016537319478,119.0,0.5485096801601983,0.1562103152958352,0.17006743196627702,0.5036536830639177,0.16116180669098934,0.49634631693608233,-0.16116180669098934,1.9854912882133973,-0.9342859940691532,1.5916253941924272,-0.6303160849238472,1.4539497665127081,0.1979481127807603,119.0,0.0,0.6875186184932448,0.1390089383330465,0.1606357121905204,0.004425396894685185,0.3293343838160118,0.1592669518497348
two_curves_diff,5,1,10,121,3.6025400273095585,0.8954407777542599,0.37060176358141433,0.6293982364185857,2.6983141967167636,2.1361737405865835,1.3850335595583196,121.0,0.5785042786868896,0.14480852944482167,0.1976248070654611,0.5301047296223749,0.15950296604096054,0.46989527037762513,-0.1595029660409606,1.8864196905248505,-0.8118945061919132,1.50787620216607,-0.6282975384205134,1.5439830826682477,0.15894952310992805,121.0,0.0,0.7088556122205799,0.13035133353369033,0.15136116062088203,0.006552631176060364,0.35985563836345696,0.16223083129799587
two_curves_diff,6,-1,10,123,3.988851618612251,0.7755910748592467,0.4147538448023084,0.5852461551976915,2.411068667673588,2.07515898648447,1.964758953286286,123.0,0.6265807022120556,0.08784014488144098,0.24756665335373704,0.5917030992262597,0.17694925442395132,0.40829690077374026,-0.17694925442395126,1.6900367791002777,-0.7210318885733105,1.3990117220416034,-0.6761472644428668,2.0955600856671524,0.13080113238086644,123.0,0.0,0.7603479791916758,0.1337672769796202,0.09352381504081952,0.00568367015937854,0.4405933273900824,0.19302667403634535
two_curves_diff,6,1,10,117,4.1592392780024845,0.7663433242862243,0.3841108353076631,0.6158891646923369,2.6034152335198386,2.1631899217539687,1.675895787366883,117.0,0.5970938389552455,0.11174041945288195,0.21523601858238997,0.550241399782808,0.16613056447514485,0.44975860021719205,-0.16613056447514485,1.8173841524732988,-0.7860310810465398,1.5034065186845489,-0.6597834030694198,1.7719099635697828,0.09601417620289987,117.0,0.0,0.7281239268628679,0.13103008790762238,0.1237868703564047,0.012046450903522757,0.38811152577653873,0.17287550719414876
two_curves_diff,7,-1,10,116,4.513733498776126,0.8799792336585068,0.3464682326068468,0.6535317673931532,2.886267501282709,2.291628888797703,1.5202198643826763,116.0,0.5591561511398484,0.1222672117562634,0.17814601975254035,0.548641435027481,0.2021732024206342,0.451358564972519,-0.2021732024206342,1.8226840631348065,-1.0635834381479023,1.4991730420929337,-0.7924558467047695,1.7792593563216141,0.2590394919389378,116.0,0.0,0.7267035334725247,0.1675473823326763,0.12264073695571445,0.00037352519945105245,0.38588593039493635,0.207739910642396
two_curves_diff,7,1,10,124,4.384015805189298,0.8625323727727151,0.3857229628190445,0.6142770371809555,2.5925342704295606,2.1400582075309558,1.658752425938423,124.0,0.596333951563857,0.11352787546997087,0.21496003086750395,0.5766572953722318,0.19093433255318726,0.42334270462776824,-0.19093433255318726,1.7341322272780766,-0.858402043151484,1.4126656000352846,-0.7273926074956711,1.8718674527879455,0.21311502684952255,124.0,0.0,0.7473970661182803,0.15106311455442323,0.11497665856993905,0.0014487830999681817,0.41925335451841617,0.2042933236509122
two_curves_diff,8,-1,10,122,4.638793032059541,0.870249640623419,0.4063197993608473,0.5936802006391527,2.4611156078857803,2.1190300045182555,1.7357497716015566,122.0,0.6176636589426393,0.10887433165515344,0.23780268271897007,0.5496645426526677,0.14334474329182045,0.45033545734733227,-0.14334474329182045,1.8192914448765864,-0.6418241630091939,1.5223016590614766,-0.5967283454567789,1.8067046457075402,0.07095487410598356,122.0,0.0,0.7282532828684919,0.11058962392585259,0.11957505601398756,0.010700724358834124,0.38816416727363495,0.1503614845546649
two_curves_diff,8,1,10,118,4.677093315552859,0.8624949365903889,0.37037408962882806,0.6296259103711719,2.6999728868781134,2.1907368106457574,1.3592006229973326,118.0,0.5785395073943178,0.14860714513280354,0.19788365967337967,0.5108663272585511,0.14049223762972302,0.4891336727414489,-0.14049223762972296,1.9574592151459158,-0.7425136717321976,1.5929151359989384,-0.597821674646819,1.4702496304750376,0.11104900747770508,118.0,0.0,0.693456548062537,0.11491704066821917,0.15940353632163604,0.010796391188832494,0.33770783709975577,0.1398241774263761
two_curves_diff,9,-1,10,119,4.848024465230987,0.8598883466650777,0.457771783450926,0.5422282165490739,2.184494624071127,1.9675299634060073,2.0270502876932084,119.0,0.6633066359335998,0.08737306839225839,0.2930502689651527,0.6101478896328815,0.15237610618195546,0.38985211036711853,-0.1523761061819554,1.638946912693065,-0.5455477113780622,1.3629584087791866,-0.6045715546268207,2.078018147344629,0.0509678596514207,119.0,0.0,0.7730259693337839,0.10971933340018403,0.0967658841982964,0.009392815806038013,0.462943125744214,0.1698928567790613
two_curves_diff,9,1,10,121,4.6999528262029475,0.8427777444282138,0.4718086306688929,0.5281913693311071,2.1195034066720635,1.9118165760629293,2.0717044888972413,121.0,0.6741045941969814,0.08491755072246836,0.30753191746176745,0.6242468562566938,0.15243822558780096,0.37575314374330615,-0.15243822558780096,1.601930374141595,-0.5175730325304686,1.3191445107194248,-0.5926720653435045,2.1450347867663675,0.07333029786912615,121.0,0.0,0.7827366240831447,0.10863202988616327,0.09163025252833068,0.006712701805862323,0.4804413398779257,0.17290942241615825
two_curves_diff,10,-1,10,123,4.958114743597254,0.8833341232786975,0.4935423678768554,0.5064576321231447,2.026168501605746,1.9006907433663447,2.189388924288031,123.0,0.6931800869677509,0.077625882340701,0.33380947404052047,0.7059670988214477,0.2124247309445923,0.2940329011785523,-0.21242473094459235,1.4164966068098859,-0.6096718947958601,1.106431917284662,-0.7942588260816827,2.77304215586459,0.5836532315765588,123.0,0.0,0.8371670717737234,0.1439869848059725,0.05229922238265164,-0.025326659958049363,0.5869396047479899,0.2531301307074694
two_curves_diff,10,1,10,117,4.900652681094669,0.8464883071660684,0.4484451089804649,0.5515548910195351,2.2299273199199097,2.0256115235333594,1.9215456477040782,117.0,0.6561487799642788,0.09604740908970437,0.28376484601944707,0.6417727696002552,0.1933276606197903,0.3582272303997448,-0.19332766061979034,1.5581839045973793,-0.6717434153225303,1.3017845323545971,-0.7238269911787623,2.4208777396551704,0.4993320919510922,117.0,0.0,0.7957060180715505,0.13955723810727172,0.07069338851861535,-0.025354020571089014,0.5042951172553275,0.22053027123588043
hyperplanes_diff,2,-1,10,119,2.1150077736815014,0.6307082026575239,0.3731858561648926,0.6268141438351074,2.679629957782079,2.1436017189082466,1.1578282516083724,99.0,0.5745648507546026,0.1805097370853445,0.1961692790480414,0.5565704178319805,0.1833845616670879,0.44342958216801953,-0.18338456166708783,1.7967178419135523,-0.8829121158685265,1.4667552352908204,-0.6768464836174262,1.681606775139268,0.5237785235308956,91.0,-8.0,0.730888312954346,0.15632346219974336,0.13599986407421877,-0.044509873011125745,0.39310551271067123,0.19693623366262983
hyperplanes_diff,2,1,10,121,2.1138109528772806,0.6302293729550393,0.5332260836573108,0.46677391634268917,1.8753771254796143,1.474899673658509,1.4401437554624776,82.0,0.7082332371146131,0.1677759930445946,0.3600912691473225,0.7227734886673892,0.18954740501007838,0.2772265113326108,-0.18954740501007838,1.3835593248498173,-0.4918178006297971,0.9090616100160114,-0.5658380636424976,2.1965092443365513,0.7563654888740736,75.0,-7.0,0.8442625999281761,0.13602936281356304,0.0938740827647711,-0.07390191027982349,0.6026299920648572,0.24253872291753475
hyperplanes_diff,3,-1,10,117,2.1581831100810307,0.5304949201935099,0.6099912749499441,0.3900087250500559,1.6393677107628466,1.3000542576284628,1.9001927622783361,74.0,0.7705011863938233,0.11522058623483221,0.459059839795113,0.77744373245751,0.16745245750756588,0.22255626754249003,-0.16745245750756588,1.2862667203438463,-0.35310099041900034,0.7743756364279261,-0.5256786212005368,2.5727310340121394,0.6725382717338033,68.0,-6.0,0.8786874545800247,0.10818626818620147,0.0670674098754037,-0.04815317635942851,0.6787459303578874,0.21968609056277444
hyperplanes_diff,3,1,10,123,2.158244478745265,0.5306752428363214,0.518205114690725,0.48179488530927495,1.9297378039134554,1.5342550870004545,1.4923569045045064,85.0,0.6984869544660447,0.15704927310130107,0.34495842207096566,0.6503258865194622,0.13212077182873716,0.3496741134805378,-0.13212077182873716,1.53769059594412,-0.39204720796933534,1.1133323270182789,-0.42092275998217565,1.8844515718618404,0.392094667357334,77.0,-8.0,0.796008862680986,0.09752190821494133,0.12092357662835974,-0.036125696472941324,0.5062123047146995,0.1612538826437338
hyperplanes_diff,4,-1,10,122,2.1491475074683017,0.4833309920141149,0.3981511742763021,0.6018488257236979,2.5116088174740314,1.9838018000408595,1.1281694401515474,95.0,0.5930850650311693,0.19193723109124802,0.21625393033881918,0.5461200606145873,0.1479688863382852,0.4538799393854127,-0.1479688863382852,1.8310991888388604,-0.6805096286351711,1.4355016373703453,-0.5483001626705142,1.4966022587771648,0.3684328186256174,88.0,-7.0,0.7187588412723372,0.12567377624116793,0.16092262093790252,-0.0310146101533455,0.37562779575463534,0.15937386541581616
hyperplanes_diff,4,1,10,118,2.1508964259824603,0.4835238624325458,0.5632437930411186,0.4367562069588814,1.7754301287559804,1.4321366952072279,1.9015069241181437,81.0,0.7371527385285975,0.1100888965856411,0.40246101468472834,0.7521114030127549,0.18886760997163632,0.24788859698724508,-0.18886760997163632,1.3295902654769898,-0.4458398632789906,0.8539323959442898,-0.578204299262938,2.621126072100396,0.7196191479822525,73.0,-8.0,0.8637813420463432,0.12662860351774563,0.06281498051999158,-0.04727391606564951,0.6448071807720527,0.24234616608732434
hyperplanes_diff,5,-1,10,121,2.118446581553719,0.6120593141815145,0.5068828031253291,0.4931171968746709,1.9728426252266156,1.59706502592258,1.4610801437265424,86.0,0.69012576266192,0.16009921262714494,0.33300366049134006,0.7139135283476382,0.20703072522230914,0.2860864716523618,-0.20703072522230914,1.4007298647421804,-0.5721127604844352,0.9534638006160284,-0.6436012253065516,2.211341031434994,0.7502608877084518,78.0,-8.0,0.8391311274663361,0.14900536480441606,0.09192986533467734,-0.0681693472924676,0.5916756743629776,0.2586720138716376
hyperplanes_diff,5,1,10,119,2.1182990348872393,0.6120818807144792,0.46651499471085234,0.5334850052891477,2.1435538221441384,1.7083115060934204,1.2451869116366772,90.0,0.6526081520439135,0.1878774641866981,0.2847958889064332,0.6053459664526141,0.13883097174176173,0.39465403354738593,-0.13883097174176173,1.6519479032132596,-0.4916059189308788,1.2459789843705393,-0.4623325217228811,1.6581160146142766,0.41292910297759944,83.0,-7.0,0.763066441598858,0.11045828955494441,0.14536227754927025,-0.04251518663742784,0.4474317113709346,0.16263582246450142
hyperplanes_diff,6,-1,10,124,2.0912460149307543,0.5289930382414954,0.33005864394084017,0.6699413560591598,3.0297646141309373,2.2883200693893855,0.9143673868632742,108.0,0.5234624147509788,0.20978807296262164,0.15338806835786103,0.5117039106965797,0.18164526675573955,0.4882960893034203,-0.18164526675573955,1.9542551446181162,-1.0755094695128211,1.5885522114037047,-0.6997678579856808,1.4365281744708793,0.5221607876076051,101.0,-7.0,0.6931621887713335,0.16969977402035474,0.16480053040832815,-0.04498754255429349,0.3376719576222301,0.1842838892643691
hyperplanes_diff,6,1,10,116,2.0914383388900406,0.5291347686106574,0.4785977188737037,0.5214022811262963,2.089437455642968,1.7160066143463264,1.6512537908579794,90.0,0.6715617658373969,0.12881177145298373,0.305816791189205,0.6631851680780405,0.18458744920433678,0.3368148319219595,-0.18458744920433678,1.5078744943860456,-0.5815629612569224,1.1232406889532958,-0.5927659253930306,2.2134622796824877,0.5622084888245082,83.0,-7.0,0.8074160051677595,0.13585423933036256,0.08826792149580895,-0.04054384995717478,0.5272054099260334,0.22138861873682836
hyperplanes_diff,7,-1,10,120,2.2050259717020126,0.5686463477822972,0.554407770810331,0.445592229189669,1.8037265216149199,1.446987719046406,1.7012989617188825,80.0,0.7293241943846734,0.1330625585304136,0.3905043464401725,0.7205042326361001,0.1660964618257691,0.2794957673638999,-0.1660964618257691,1.3879168986160042,-0.41580962299891566,0.9284254848415416,-0.5185622342048644,2.3178635541887003,0.6165645924698178,72.0,-8.0,0.8436279867519699,0.11430379236729649,0.08308366143616719,-0.04997889709424641,0.6010552322682504,0.2105508858280779
hyperplanes_diff,7,1,10,120,2.2038038416383325,0.5681608386866186,0.48311024209489817,0.5168897579051018,2.069920926668262,1.6171730184031503,1.169160805975238,82.0,0.6613334194477445,0.20542835248067887,0.29803325038846334,0.6559392098475431,0.1728289677526449,0.34406079015245694,-0.1728289677526449,1.5245315190601663,-0.5453894076080956,1.0951661574019742,-0.5220068610011761,1.8231070593739465,0.6539462533987084,75.0,-7.0,0.7988103628578422,0.13747694341009775,0.1290263329745631,-0.07640201950611578,0.5118922605905262,0.21385901020206283
hyperplanes_diff,8,-1,10,117,2.1117476744245653,0.5564663485970776,0.41889826511462064,0.5811017348853793,2.3872144701443823,1.91196488182567,1.1420606649404137,94.0,0.6112271311028769,0.19507965489955073,0.23614939056069895,0.5683173101076715,0.14941904499305086,0.4316826898923285,-0.1494190449930508,1.7595804002706574,-0.6276340698737248,1.3812202725767464,-0.5307446092489236,1.5733637904231286,0.4313031254827149,86.0,-8.0,0.7363783000434883,0.1251511689406114,0.15268549093003767,-0.042394163969513066,0.40295106488679683,0.16680167432609788
hyperplanes_diff,8,1,10,123,2.1112143513327246,0.5560659843233002,0.4886387318389695,0.5113612681610304,2.046501709425583,1.621734073571804,1.2922012185192475,87.0,0.6708628101906019,0.1842628815017867,0.3083734692588837,0.6897662447032089,0.2011275128642394,0.3102337552967911,-0.20112751286423936,1.4497665081164965,-0.5967352013090863,1.0022849770874238,-0.6194490964843802,2.013958317654338,0.7217570991350906,78.0,-9.0,0.822480106691302,0.1516172965007001,0.10976766308742844,-0.07449521841435827,0.5577375496813592,0.24936408042247554
hyperplanes_diff,9,-1,10,125,2.146099257498585,0.6252756640467454,0.5123188922685536,0.48768110773144635,1.9519092797300313,1.5565206584869853,1.4460080852779023,85.0,0.6932079947266732,0.16325640563353433,0.3377108581940182,0.7267112249024398,0.21439233263388613,0.2732887750975602,-0.21439233263388613,1.376062410669725,-0.5758468690603062,0.9056404634386831,-0.6508801950483022,2.2353475930447955,0.7893395077668932,78.0,-7.0,0.8469449704829788,0.15373697575630563,0.0905849540874401,-0.07267145154609422,0.6083010233540426,0.2705901651600244
hyperplanes_diff,9,1,10,115,2.1455736636102936,0.625005309826137,0.47828886649667496,0.5217111335033251,2.0907866982660614,1.6820926663408464,1.3447250816753926,85.0,0.6650848615561209,0.17332866020729742,0.2996925054916014,0.6440515221374639,0.1657626556407889,0.35594847786253614,-0.16576265564078896,1.55267081223754,-0.5381158860285213,1.1409307592383588,-0.5411619071024876,1.8308460972167862,0.48612101554139353,79.0,-6.0,0.7913911279939911,0.12630626643787024,0.12684250783943485,-0.04648615236786258,0.4977331718069872,0.19804066631538575
hyperplanes_diff,10,-1,10,119,2.1687894888100665,0.6470662585255889,0.4724447857933316,0.5275552142066684,2.116649458456389,1.7498089999274602,1.377519107478932,92.0,0.6627141060086288,0.167138795339124,0.2959344896972088,0.6120556415873778,0.1396108557940462,0.3879443584126222,-0.1396108557940462,1.6338383833967796,-0.4828110750596095,1.2636112997364746,-0.4861977001909856,1.764374475642769,0.38685536816383714,83.0,-9.0,0.7698293007449439,0.10711519473631514,0.13186706440403567,-0.03527173093508834,0.4585725794920322,0.16263808979482336
hyperplanes_diff,10,1,10,121,2.1690792512414774,0.6470755173639605,0.5077695106581999,0.49223048934180014,1.9693974904159623,1.6157325945580783,1.6090267652750618,88.0,0.6941290220281484,0.13888289397601541,0.33745975135466,0.683375324044476,0.17560581338627612,0.316624675955524,-0.17560581338627612,1.4633247131043865,-0.5060727773115758,1.0581542643743802,-0.5575783301836981,2.186197254079817,0.5771704888047553,79.0,-9.0,0.8202192778776981,0.1260902558495497,0.09214601721198228,-0.04673687676403314,0.5526552045377044,0.21519545318304445
